Order_ID,Order_Date,Region,Category,Product,Sales,Quantity,Discount,Profit,Customer_Type,Payment_Mode
ORD0001,2025-01-01,East,Furniture,Headphones,2691.59,3,0.12,162.39,Small Business,UPI
ORD0002,2025-01-02,West,Office Supplies,Desk,2500.07,4,0.27,235.54,Corporate,Cash
ORD0003,2025-01-03,North,Technology,Notebook,323.08,7,0.25,47.6,Corporate,UPI
ORD0004,2025-01-04,East,Technology,Monitor,1837.99,3,0.19,1092.81,Corporate,Credit Card
ORD0005,2025-01-05,East,Technology,Monitor,2024.94,9,0.26,911.15,Small Business,UPI
ORD0006,2025-01-06,West,Technology,Chair,2114.35,8,0.24,969.04,Corporate,Debit Card
ORD0007,2025-01-07,North,Clothing,Monitor,2984.83,4,0.13,1073.59,Small Business,Cash
ORD0008,2025-01-08,North,Technology,Headphones,2761.29,1,0.06,582.37,Small Business,UPI
ORD0009,2025-01-09,East,Clothing,Printer,3117.94,1,0.15,486.55,Consumer,Credit Card
ORD0010,2025-01-10,South,Clothing,Laptop,3871.44,1,0.22,329.51,Consumer,Cash
ORD0011,2025-01-11,East,Technology,Headphones,4102.33,1,0.13,665.98,Corporate,Debit Card
ORD0012,2025-01-12,East,Technology,Printer,3646.99,8,0.2,490.56,Corporate,Cash
ORD0013,2025-01-13,East,Furniture,Notebook,4786.51,3,0.03,487.04,Small Business,Debit Card
ORD0014,2025-01-14,East,Office Supplies,Monitor,287.52,6,0.22,1118.01,Corporate,Cash
ORD0015,2025-01-15,West,Technology,Notebook,1139.73,3,0.24,1179.24,Corporate,UPI
ORD0016,2025-01-16,North,Furniture,Monitor,236.3,5,0.21,935.43,Small Business,UPI
ORD0017,2025-01-17,West,Furniture,Laptop,3307.88,7,0.29,883.79,Corporate,Credit Card
ORD0018,2025-01-18,West,Office Supplies,Phone,4510.55,2,0.25,784.73,Corporate,Debit Card
ORD0019,2025-01-19,West,Clothing,Laptop,1368.72,6,0.27,115.9,Small Business,Credit Card
ORD0020,2025-01-20,East,Technology,Desk,4649.77,6,0.28,-23.16,Small Business,UPI
ORD0021,2025-01-21,South,Office Supplies,Headphones,489.28,3,0.24,797.94,Consumer,Debit Card
ORD0022,2025-01-22,North,Technology,Chair,4685.29,6,0.2,847.42,Small Business,Credit Card
ORD0023,2025-01-23,South,Furniture,Phone,1887.79,5,0.0,-38.94,Consumer,Credit Card
ORD0024,2025-01-24,West,Furniture,Laptop,686.82,2,0.14,1106.47,Corporate,Credit Card
ORD0025,2025-01-25,West,Clothing,Printer,2532.18,9,0.17,18.48,Small Business,Credit Card
ORD0026,2025-01-26,South,Furniture,Phone,1432.53,8,0.09,271.67,Small Business,Credit Card
ORD0027,2025-01-27,South,Furniture,Headphones,1567.39,3,0.1,774.11,Small Business,Debit Card
ORD0028,2025-01-28,South,Office Supplies,Monitor,1674.99,8,0.29,120.83,Corporate,Credit Card
ORD0029,2025-01-29,West,Technology,Phone,4054.52,9,0.27,-27.96,Consumer,Debit Card
ORD0030,2025-01-30,West,Technology,Monitor,2787.97,3,0.25,330.49,Corporate,Credit Card
ORD0031,2025-01-31,North,Office Supplies,Headphones,1694.28,3,0.12,895.76,Corporate,UPI
ORD0032,2025-02-01,North,Clothing,Laptop,3129.6,2,0.0,437.78,Small Business,UPI
ORD0033,2025-02-02,West,Technology,Headphones,3637.52,8,0.02,748.86,Consumer,Credit Card
ORD0034,2025-02-03,South,Furniture,Phone,1508.6,1,0.09,653.5,Corporate,Cash
ORD0035,2025-02-04,South,Technology,Printer,2185.04,8,0.0,-71.12,Small Business,UPI
ORD0036,2025-02-05,North,Furniture,Notebook,785.05,7,0.01,1185.1,Corporate,Debit Card
ORD0037,2025-02-06,West,Clothing,Phone,1069.52,7,0.27,-46.14,Corporate,Credit Card
ORD0038,2025-02-07,North,Office Supplies,Headphones,3469.37,3,0.21,1158.14,Small Business,Debit Card
ORD0039,2025-02-08,North,Technology,Notebook,1070.9,1,0.09,614.82,Small Business,Cash
ORD0040,2025-02-09,East,Office Supplies,Headphones,2720.78,4,0.04,1152.11,Consumer,Credit Card
ORD0041,2025-02-10,East,Technology,Printer,3603.42,9,0.15,49.18,Corporate,UPI
ORD0042,2025-02-11,East,Furniture,Headphones,713.01,5,0.0,537.53,Small Business,Debit Card
ORD0043,2025-02-12,South,Office Supplies,Laptop,2923.1,1,0.28,120.36,Small Business,UPI
ORD0044,2025-02-13,West,Technology,Chair,1431.5,5,0.12,-33.73,Consumer,UPI
ORD0045,2025-02-14,West,Furniture,Monitor,4822.05,8,0.12,702.79,Consumer,Credit Card
ORD0046,2025-02-15,West,Office Supplies,Monitor,2521.02,8,0.12,170.12,Small Business,Debit Card
ORD0047,2025-02-16,West,Office Supplies,Phone,4068.76,5,0.02,664.01,Consumer,Cash
ORD0048,2025-02-17,East,Technology,Chair,2841.09,9,0.19,46.07,Small Business,UPI
ORD0049,2025-02-18,South,Technology,Headphones,408.38,1,0.22,331.58,Corporate,Credit Card
ORD0050,2025-02-19,South,Technology,Printer,3239.13,4,0.2,916.12,Consumer,Credit Card
ORD0051,2025-02-20,East,Furniture,Phone,15000.0,3,0.04,468.17,Corporate,Cash
ORD0052,2025-02-21,South,Technology,Headphones,3087.74,2,0.17,716.07,Corporate,Credit Card
ORD0053,2025-02-22,East,Office Supplies,Notebook,4132.11,8,0.17,741.7,Corporate,UPI
ORD0054,2025-02-23,West,Office Supplies,Desk,4444.19,7,0.26,996.88,Small Business,Credit Card
ORD0055,2025-02-24,East,Technology,Headphones,1294.78,9,0.11,322.4,Corporate,Debit Card
ORD0056,2025-02-25,West,Technology,Chair,1217.82,2,0.11,793.48,Corporate,Debit Card
ORD0057,2025-02-26,West,Clothing,Phone,3132.71,4,0.19,1150.1,Corporate,UPI
ORD0058,2025-02-27,North,Office Supplies,Chair,2172.94,6,0.19,849.32,Small Business,Debit Card
ORD0059,2025-02-28,East,Furniture,Phone,4231.33,3,0.14,536.83,Corporate,Cash
ORD0060,2025-03-01,North,Clothing,Headphones,4520.11,8,0.13,719.93,Corporate,Credit Card
ORD0061,2025-03-02,East,Technology,Laptop,1896.42,3,0.15,861.59,Consumer,UPI
ORD0062,2025-03-03,East,Technology,Notebook,1336.98,2,0.26,695.96,Small Business,Cash
ORD0063,2025-03-04,North,Office Supplies,Headphones,3946.52,3,0.14,-78.32,Corporate,Credit Card
ORD0064,2025-03-05,North,Technology,Monitor,1519.07,6,0.28,153.21,Consumer,Cash
ORD0065,2025-03-06,East,Furniture,Chair,4148.55,2,0.15,953.61,Small Business,UPI
ORD0066,2025-03-07,South,Office Supplies,Desk,2233.94,8,0.28,254.45,Small Business,UPI
ORD0067,2025-03-08,West,Technology,Desk,3404.24,1,0.25,851.03,Small Business,Cash
ORD0068,2025-03-09,North,Office Supplies,Printer,658.57,7,0.11,383.76,Small Business,Credit Card
ORD0069,2025-03-10,West,Technology,Phone,3194.52,2,0.26,578.45,Small Business,Debit Card
ORD0070,2025-03-11,South,Technology,Chair,2368.48,6,0.03,-11.63,Small Business,Debit Card
ORD0071,2025-03-12,South,Technology,Printer,3015.72,2,0.28,135.59,Corporate,Cash
ORD0072,2025-03-13,South,Furniture,Chair,1006.47,2,0.19,1144.36,Corporate,UPI
ORD0073,2025-03-14,North,Furniture,Monitor,3736.99,8,0.02,1057.18,Corporate,Credit Card
ORD0074,2025-03-15,South,Office Supplies,Phone,4341.43,2,0.19,747.96,Corporate,Credit Card
ORD0075,2025-03-16,North,Technology,Headphones,1240.35,7,0.29,497.54,Consumer,UPI
ORD0076,2025-03-17,South,Technology,Headphones,659.43,3,0.02,778.49,Corporate,Debit Card
ORD0077,2025-03-18,West,Furniture,Desk,313.47,8,0.17,704.19,Small Business,Credit Card
ORD0078,2025-03-19,West,Technology,Headphones,3281.46,7,0.22,639.12,Corporate,Cash
ORD0079,2025-03-20,East,Furniture,Headphones,3114.05,8,0.24,-23.07,Corporate,Debit Card
ORD0080,2025-03-21,West,Technology,Monitor,2824.15,7,0.12,722.64,Small Business,Cash
ORD0081,2025-03-22,East,Office Supplies,Laptop,1313.35,6,0.06,899.6,Corporate,Debit Card
ORD0082,2025-03-23,West,Technology,Desk,2076.35,7,0.01,1192.31,Corporate,UPI
ORD0083,2025-03-24,North,Technology,Printer,3053.49,5,0.17,-85.6,Corporate,Cash
ORD0084,2025-03-25,West,Clothing,Notebook,2584.48,7,0.14,849.23,Consumer,Cash
ORD0085,2025-03-26,East,Furniture,Laptop,4941.37,1,0.28,643.33,Corporate,UPI
ORD0086,2025-03-27,East,Technology,Printer,854.91,1,0.02,464.27,Small Business,Cash
ORD0087,2025-03-28,South,Technology,Phone,3536.69,9,0.21,65.84,Small Business,Debit Card
ORD0088,2025-03-29,North,Clothing,Laptop,2140.73,5,0.01,431.81,Corporate,Credit Card
ORD0089,2025-03-30,West,Clothing,Monitor,2255.36,5,0.05,360.69,Corporate,Credit Card
ORD0090,2025-03-31,South,Furniture,Printer,3644.47,3,0.14,293.68,Corporate,UPI
ORD0091,2025-04-01,West,Clothing,Phone,3523.69,5,0.14,850.14,Small Business,Debit Card
ORD0092,2025-04-02,West,Office Supplies,Desk,4958.03,3,0.21,810.94,Small Business,Cash
ORD0093,2025-04-03,South,Clothing,Notebook,816.29,9,0.27,665.73,Consumer,Cash
ORD0094,2025-04-04,South,Office Supplies,Phone,699.73,9,0.19,1120.26,Consumer,Credit Card
ORD0095,2025-04-05,South,Furniture,Headphones,3676.83,6,0.29,354.81,Consumer,Cash
ORD0096,2025-04-06,South,Furniture,Chair,2976.26,1,0.26,216.94,Small Business,Credit Card
ORD0097,2025-04-07,South,Furniture,Phone,1515.97,7,0.18,752.67,Consumer,UPI
ORD0098,2025-04-08,West,Furniture,Phone,581.21,7,0.25,158.46,Corporate,Cash
ORD0099,2025-04-09,South,Furniture,Notebook,611.16,4,0.19,309.51,Corporate,Debit Card
ORD0100,2025-04-10,North,Office Supplies,Chair,4492.12,8,0.02,191.98,Small Business,Cash
ORD0101,2025-04-11,East,Office Supplies,Headphones,1120.96,6,0.22,-10.1,Consumer,Credit Card
ORD0102,2025-04-12,South,Furniture,Printer,1752.18,4,0.03,975.75,Corporate,UPI
ORD0103,2025-04-13,South,Clothing,Printer,1287.95,4,0.18,230.9,Small Business,Credit Card
ORD0104,2025-04-14,West,Technology,Phone,1903.98,2,0.21,514.94,Consumer,Cash
ORD0105,2025-04-15,South,Furniture,Monitor,533.23,2,0.02,-43.69,Corporate,Credit Card
ORD0106,2025-04-16,South,Clothing,Monitor,2691.49,4,0.07,809.14,Consumer,Credit Card
ORD0107,2025-04-17,South,Technology,Chair,524.54,5,0.27,329.73,Small Business,UPI
ORD0108,2025-04-18,West,Furniture,Chair,4041.71,8,0.18,868.16,Consumer,Debit Card
ORD0109,2025-04-19,South,Furniture,Headphones,1321.82,6,0.07,436.12,Small Business,Cash
ORD0110,2025-04-20,East,Office Supplies,Notebook,2792.06,4,0.21,154.48,Consumer,UPI
ORD0111,2025-04-21,West,Technology,Desk,4424.38,7,0.18,567.13,Corporate,Debit Card
ORD0112,2025-04-22,East,Technology,Printer,3324.21,8,0.15,69.66,Small Business,Credit Card
ORD0113,2025-04-23,West,Clothing,Notebook,2758.2,2,0.29,472.7,Small Business,Debit Card
ORD0114,2025-04-24,South,Office Supplies,Laptop,1756.8,7,0.21,312.5,Small Business,Credit Card
ORD0115,2025-04-25,East,Office Supplies,Printer,1798.41,2,0.11,1085.55,Consumer,Credit Card
ORD0116,2025-04-26,West,Office Supplies,Notebook,3413.54,2,0.24,-20.79,Consumer,UPI
ORD0117,2025-04-27,North,Office Supplies,Printer,4971.87,8,0.27,802.22,Corporate,Credit Card
ORD0118,2025-04-28,South,Technology,Desk,3376.83,2,0.04,137.58,Small Business,UPI
ORD0119,2025-04-29,West,Technology,Laptop,2877.36,9,0.06,314.76,Small Business,Debit Card
ORD0120,2025-04-30,North,Furniture,Monitor,3707.12,1,0.06,440.17,Consumer,Debit Card
ORD0121,2025-05-01,West,Furniture,Monitor,2432.99,9,0.21,1080.42,Consumer,Credit Card
ORD0122,2025-05-02,North,Office Supplies,Desk,488.68,1,0.18,215.35,Corporate,UPI
ORD0123,2025-05-03,South,Office Supplies,Headphones,2899.02,2,0.19,18.7,Corporate,Credit Card
ORD0124,2025-05-04,East,Office Supplies,Laptop,4796.6,6,0.28,314.3,Consumer,UPI
ORD0125,2025-05-05,North,Furniture,Phone,1041.45,6,0.23,36.08,Small Business,UPI
ORD0126,2025-05-06,West,Clothing,Notebook,3512.02,1,0.04,67.18,Corporate,UPI
ORD0127,2025-05-07,South,Clothing,Laptop,1164.48,7,0.1,646.01,Consumer,Debit Card
ORD0128,2025-05-08,North,Furniture,Headphones,2771.97,8,0.13,-20.83,Consumer,UPI
ORD0129,2025-05-09,West,Furniture,Headphones,664.05,2,0.12,-59.79,Small Business,Debit Card
ORD0130,2025-05-10,West,Furniture,Desk,2361.78,8,0.2,828.74,Consumer,UPI
ORD0131,2025-05-11,West,Furniture,Printer,3829.58,9,0.27,370.14,Consumer,Debit Card
ORD0132,2025-05-12,North,Furniture,Laptop,1868.34,6,0.09,62.99,Corporate,Cash
ORD0133,2025-05-13,North,Furniture,Notebook,3391.58,5,0.17,229.7,Consumer,Debit Card
ORD0134,2025-05-14,North,Office Supplies,Laptop,4018.16,9,0.24,734.71,Consumer,Debit Card
ORD0135,2025-05-15,East,Office Supplies,Chair,4650.45,9,0.12,258.2,Corporate,Credit Card
ORD0136,2025-05-16,North,Office Supplies,Printer,1326.28,1,0.05,542.88,Small Business,UPI
ORD0137,2025-05-17,North,Office Supplies,Notebook,2116.72,3,0.14,58.2,Small Business,Cash
ORD0138,2025-05-18,North,Furniture,Monitor,931.6,9,0.02,664.52,Corporate,Credit Card
ORD0139,2025-05-19,East,Clothing,Notebook,4963.92,2,0.28,310.9,Corporate,UPI
ORD0140,2025-05-20,North,Technology,Phone,4649.6,4,0.02,715.06,Small Business,Cash
ORD0141,2025-05-21,West,Furniture,Desk,2791.79,4,0.13,950.91,Small Business,Cash
ORD0142,2025-05-22,North,Technology,Phone,4241.76,2,0.16,695.14,Small Business,Cash
ORD0143,2025-05-23,West,Clothing,Notebook,2700.6,3,0.3,284.47,Small Business,UPI
ORD0144,2025-05-24,West,Office Supplies,Printer,3193.21,3,0.05,232.47,Small Business,Cash
ORD0145,2025-05-25,West,Clothing,Laptop,627.8,1,0.03,325.65,Corporate,Cash
ORD0146,2025-05-26,East,Furniture,Monitor,3825.3,6,0.0,114.01,Consumer,Credit Card
ORD0147,2025-05-27,East,Office Supplies,Laptop,813.02,8,0.05,135.52,Small Business,Debit Card
ORD0148,2025-05-28,East,Furniture,Printer,4165.12,3,0.06,927.9,Small Business,UPI
ORD0149,2025-05-29,North,Office Supplies,Notebook,3953.73,5,0.19,400.15,Consumer,Debit Card
ORD0150,2025-05-30,West,Technology,Headphones,3601.97,1,0.07,466.79,Consumer,Credit Card
ORD0151,2025-05-31,East,Technology,Laptop,18000.0,7,0.01,672.26,Consumer,Debit Card
ORD0152,2025-06-01,East,Technology,Headphones,1655.02,1,0.25,666.55,Consumer,Cash
ORD0153,2025-06-02,North,Clothing,Laptop,1462.94,9,0.11,-12.41,Consumer,Cash
ORD0154,2025-06-03,East,Furniture,Laptop,1928.65,8,0.11,981.0,Consumer,UPI
ORD0155,2025-06-04,North,Clothing,Monitor,620.69,7,0.09,130.52,Corporate,UPI
ORD0156,2025-06-05,South,Technology,Desk,4697.4,7,0.29,839.99,Consumer,UPI
ORD0157,2025-06-06,East,Furniture,Desk,2858.25,5,0.05,904.47,Consumer,Credit Card
ORD0158,2025-06-07,South,Technology,Chair,1666.52,5,0.27,829.37,Corporate,UPI
ORD0159,2025-06-08,North,Clothing,Phone,2105.51,5,0.23,652.67,Consumer,Credit Card
ORD0160,2025-06-09,West,Clothing,Printer,2346.57,1,0.02,-81.01,Small Business,Cash
ORD0161,2025-06-10,East,Clothing,Printer,3082.85,8,0.3,368.49,Small Business,Debit Card
ORD0162,2025-06-11,North,Technology,Printer,2675.26,1,0.08,686.29,Consumer,Cash
ORD0163,2025-06-12,West,Furniture,Chair,4613.08,4,0.03,403.69,Corporate,Cash
ORD0164,2025-06-13,West,Furniture,Desk,2585.42,9,0.25,1022.52,Small Business,Cash
ORD0165,2025-06-14,South,Technology,Notebook,4962.36,9,0.21,301.44,Corporate,UPI
ORD0166,2025-06-15,North,Furniture,Headphones,4286.84,5,0.19,281.6,Small Business,UPI
ORD0167,2025-06-16,West,Technology,Monitor,1200.85,4,0.05,245.8,Consumer,UPI
ORD0168,2025-06-17,East,Furniture,Headphones,4666.86,3,0.14,332.62,Corporate,Debit Card
ORD0169,2025-06-18,East,Office Supplies,Notebook,758.56,3,0.23,624.63,Corporate,UPI
ORD0170,2025-06-19,South,Office Supplies,Monitor,4123.76,5,0.09,819.12,Corporate,Credit Card
ORD0171,2025-06-20,West,Clothing,Chair,2026.99,1,0.09,761.34,Small Business,Cash
ORD0172,2025-06-21,North,Office Supplies,Notebook,4414.28,5,0.0,950.03,Small Business,Debit Card
ORD0173,2025-06-22,East,Office Supplies,Printer,4366.67,6,0.05,1051.69,Small Business,Debit Card
ORD0174,2025-06-23,West,Office Supplies,Phone,4068.44,7,0.26,960.9,Consumer,Debit Card
ORD0175,2025-06-24,West,Technology,Laptop,3992.15,9,0.13,-75.37,Small Business,Debit Card
ORD0176,2025-06-25,South,Office Supplies,Headphones,1662.46,3,0.3,856.69,Consumer,Debit Card
ORD0177,2025-06-26,East,Office Supplies,Desk,588.41,2,0.12,170.92,Corporate,Credit Card
ORD0178,2025-06-27,East,Clothing,Desk,2134.3,3,0.21,72.81,Corporate,Cash
ORD0179,2025-06-28,North,Office Supplies,Chair,1032.92,9,0.08,730.04,Consumer,Debit Card
ORD0180,2025-06-29,East,Office Supplies,Monitor,3535.77,7,0.11,315.67,Small Business,Cash
ORD0181,2025-06-30,North,Furniture,Desk,1861.28,9,0.06,-25.75,Consumer,UPI
ORD0182,2025-07-01,East,Clothing,Printer,4882.93,2,0.1,78.92,Corporate,Debit Card
ORD0183,2025-07-02,South,Clothing,Headphones,3276.67,5,0.16,-98.79,Corporate,Debit Card
ORD0184,2025-07-03,East,Clothing,Notebook,4147.91,4,0.3,1074.19,Consumer,Cash
ORD0185,2025-07-04,North,Clothing,Printer,836.12,2,0.2,-68.0,Small Business,Debit Card
ORD0186,2025-07-05,North,Clothing,Chair,4337.67,9,0.06,172.29,Small Business,Debit Card
ORD0187,2025-07-06,South,Clothing,Printer,4629.23,9,0.01,441.14,Consumer,Debit Card
ORD0188,2025-07-07,East,Technology,Notebook,2537.9,6,0.04,363.54,Consumer,Credit Card
ORD0189,2025-07-08,East,Office Supplies,Phone,3110.01,6,0.17,1085.24,Small Business,Credit Card
ORD0190,2025-07-09,South,Clothing,Chair,3871.09,8,0.23,-47.62,Corporate,Debit Card
ORD0191,2025-07-10,East,Office Supplies,Phone,1039.23,6,0.28,565.88,Consumer,Credit Card
ORD0192,2025-07-11,East,Office Supplies,Laptop,2612.32,1,0.0,784.62,Small Business,UPI
ORD0193,2025-07-12,North,Technology,Phone,2113.58,4,0.16,1111.21,Small Business,Debit Card
ORD0194,2025-07-13,East,Clothing,Laptop,902.6,7,0.14,706.48,Corporate,UPI
ORD0195,2025-07-14,East,Furniture,Laptop,1964.17,2,0.2,944.88,Corporate,Cash
ORD0196,2025-07-15,South,Technology,Phone,527.23,9,0.17,8.84,Corporate,UPI
ORD0197,2025-07-16,South,Furniture,Chair,323.9,8,0.21,401.72,Corporate,Cash
ORD0198,2025-07-17,West,Office Supplies,Monitor,848.8,8,0.2,386.13,Corporate,Debit Card
ORD0199,2025-07-18,North,Office Supplies,Notebook,4822.95,7,0.04,1052.17,Consumer,Cash
ORD0200,2025-07-19,East,Technology,Printer,2837.74,4,0.24,96.78,Small Business,Cash
ORD0201,2025-07-20,East,Technology,Printer,4835.95,2,0.04,97.45,Consumer,UPI
ORD0202,2025-07-21,West,Furniture,Notebook,2275.99,3,0.21,327.13,Consumer,UPI
ORD0203,2025-07-22,East,Clothing,Headphones,1696.72,6,0.12,-29.19,Consumer,UPI
ORD0204,2025-07-23,North,Furniture,Headphones,2629.48,5,0.15,137.2,Consumer,Debit Card
ORD0205,2025-07-24,West,Technology,Laptop,2309.66,8,0.27,1154.77,Consumer,Debit Card
ORD0206,2025-07-25,North,Furniture,Laptop,707.19,6,0.27,456.64,Corporate,UPI
ORD0207,2025-07-26,West,Technology,Chair,3275.97,6,0.25,721.62,Corporate,Debit Card
ORD0208,2025-07-27,West,Furniture,Desk,1236.98,1,0.15,843.94,Small Business,Debit Card
ORD0209,2025-07-28,South,Technology,Phone,3174.02,4,0.22,377.05,Consumer,Cash
ORD0210,2025-07-29,North,Technology,Laptop,3320.97,5,0.15,91.4,Small Business,Cash
ORD0211,2025-07-30,East,Technology,Printer,929.72,3,0.26,168.56,Corporate,UPI
ORD0212,2025-07-31,East,Clothing,Chair,494.48,9,0.12,307.25,Corporate,Debit Card
ORD0213,2025-08-01,North,Furniture,Phone,3947.66,1,0.29,726.89,Corporate,Cash
ORD0214,2025-08-02,East,Furniture,Chair,2407.04,6,0.28,417.76,Consumer,Credit Card
ORD0215,2025-08-03,East,Furniture,Phone,479.19,6,0.22,-91.14,Consumer,Debit Card
ORD0216,2025-08-04,North,Technology,Phone,4975.36,5,0.08,580.43,Corporate,Credit Card
ORD0217,2025-08-05,West,Furniture,Notebook,477.35,5,0.04,1097.97,Small Business,UPI
ORD0218,2025-08-06,North,Furniture,Laptop,3536.17,5,0.26,955.7,Small Business,Debit Card
ORD0219,2025-08-07,West,Technology,Monitor,4921.66,6,0.05,972.77,Corporate,UPI
ORD0220,2025-08-08,East,Office Supplies,Chair,1348.06,8,0.26,933.58,Small Business,UPI
ORD0221,2025-08-09,East,Technology,Monitor,882.8,2,0.15,320.85,Corporate,UPI
ORD0222,2025-08-10,East,Furniture,Chair,782.65,6,0.12,894.75,Small Business,UPI
ORD0223,2025-08-11,South,Technology,Notebook,1655.72,1,0.27,86.11,Corporate,UPI
ORD0224,2025-08-12,West,Office Supplies,Printer,685.02,4,0.18,755.03,Small Business,Debit Card
ORD0225,2025-08-13,South,Technology,Monitor,3522.37,3,0.17,734.04,Consumer,Credit Card
ORD0226,2025-08-14,South,Furniture,Printer,499.0,9,0.17,-66.76,Corporate,Debit Card
ORD0227,2025-08-15,North,Office Supplies,Headphones,2645.23,3,0.11,924.36,Corporate,Debit Card
ORD0228,2025-08-16,South,Clothing,Laptop,4984.14,6,0.24,1074.22,Small Business,Debit Card
ORD0229,2025-08-17,North,Furniture,Laptop,4107.06,1,0.08,247.64,Corporate,Cash
ORD0230,2025-08-18,North,Office Supplies,Desk,3153.05,6,0.28,956.11,Corporate,Cash
ORD0231,2025-08-19,South,Office Supplies,Notebook,1670.02,4,0.27,7.13,Corporate,Debit Card
ORD0232,2025-08-20,West,Clothing,Printer,3194.7,8,0.1,679.96,Consumer,Credit Card
ORD0233,2025-08-21,West,Technology,Phone,2729.8,9,0.22,531.34,Consumer,Debit Card
ORD0234,2025-08-22,West,Technology,Chair,2245.2,4,0.17,609.7,Small Business,UPI
ORD0235,2025-08-23,West,Furniture,Laptop,827.41,6,0.1,1104.07,Consumer,Cash
ORD0236,2025-08-24,West,Clothing,Monitor,4455.7,1,0.3,1032.71,Small Business,Cash
ORD0237,2025-08-25,South,Technology,Chair,2358.97,4,0.01,920.61,Consumer,Debit Card
ORD0238,2025-08-26,South,Clothing,Chair,1134.19,7,0.08,255.81,Small Business,Debit Card
ORD0239,2025-08-27,East,Technology,Desk,1965.24,1,0.16,1085.36,Consumer,Credit Card
ORD0240,2025-08-28,West,Office Supplies,Printer,2187.82,8,0.16,26.76,Consumer,Credit Card
ORD0241,2025-08-29,South,Technology,Laptop,4172.18,6,0.18,1009.33,Small Business,UPI
ORD0242,2025-08-30,East,Clothing,Chair,3721.35,5,0.23,326.61,Corporate,Debit Card
ORD0243,2025-08-31,West,Office Supplies,Laptop,3892.66,9,0.19,-30.1,Corporate,Debit Card
ORD0244,2025-09-01,North,Office Supplies,Phone,252.95,2,0.18,770.16,Consumer,Debit Card
ORD0245,2025-09-02,East,Office Supplies,Desk,2197.54,5,0.02,200.66,Small Business,Cash
ORD0246,2025-09-03,South,Clothing,Phone,2510.45,6,0.11,216.64,Corporate,UPI
ORD0247,2025-09-04,North,Furniture,Laptop,292.12,7,0.07,297.86,Small Business,Credit Card
ORD0248,2025-09-05,North,Furniture,Headphones,1447.1,5,0.08,-17.21,Corporate,Cash
ORD0249,2025-09-06,North,Furniture,Monitor,3849.39,9,0.17,130.27,Small Business,Cash
ORD0250,2025-09-07,East,Clothing,Laptop,858.13,1,0.06,-93.32,Consumer,Cash
ORD0251,2025-09-08,South,Office Supplies,Printer,2769.49,7,0.09,5000.0,Small Business,Cash
ORD0252,2025-09-09,North,Furniture,Chair,1232.97,7,0.07,9.53,Corporate,UPI
ORD0253,2025-09-10,West,Clothing,Chair,258.18,4,0.28,787.45,Consumer,Debit Card
ORD0254,2025-09-11,North,Furniture,Phone,1357.77,9,0.28,206.31,Small Business,Credit Card
ORD0255,2025-09-12,North,Technology,Monitor,4884.19,5,0.18,1126.65,Corporate,Credit Card
ORD0256,2025-09-13,East,Furniture,Desk,4047.38,4,0.28,1032.63,Consumer,Cash
ORD0257,2025-09-14,East,Furniture,Headphones,4805.97,7,0.24,276.27,Small Business,Cash
ORD0258,2025-09-15,South,Office Supplies,Notebook,2541.7,4,0.18,918.18,Corporate,UPI
ORD0259,2025-09-16,West,Clothing,Monitor,726.73,3,0.0,944.22,Small Business,Cash
ORD0260,2025-09-17,East,Office Supplies,Chair,2830.21,9,0.23,1182.53,Small Business,Credit Card
ORD0261,2025-09-18,North,Office Supplies,Printer,2381.01,8,0.21,677.19,Consumer,Credit Card
ORD0262,2025-09-19,South,Office Supplies,Monitor,4252.91,1,0.18,6.56,Consumer,Debit Card
ORD0263,2025-09-20,North,Office Supplies,Phone,670.8,7,0.23,740.89,Corporate,Debit Card
ORD0264,2025-09-21,North,Office Supplies,Phone,2543.56,9,0.15,712.47,Consumer,Credit Card
ORD0265,2025-09-22,East,Furniture,Notebook,920.23,8,0.21,729.86,Corporate,Credit Card
ORD0266,2025-09-23,South,Office Supplies,Printer,1758.44,8,0.28,299.29,Small Business,UPI
ORD0267,2025-09-24,West,Office Supplies,Desk,3739.31,6,0.11,1017.58,Small Business,UPI
ORD0268,2025-09-25,West,Clothing,Monitor,2484.89,4,0.21,1147.31,Corporate,Credit Card
ORD0269,2025-09-26,East,Technology,Printer,2004.26,8,0.14,183.03,Small Business,Cash
ORD0270,2025-09-27,East,Furniture,Desk,2093.49,3,0.2,14.6,Consumer,Debit Card
ORD0271,2025-09-28,South,Furniture,Printer,2405.34,9,0.23,152.9,Small Business,Credit Card
ORD0272,2025-09-29,West,Furniture,Printer,3968.08,2,0.01,966.72,Consumer,Cash
ORD0273,2025-09-30,West,Office Supplies,Laptop,4482.01,2,0.19,779.64,Corporate,Credit Card
ORD0274,2025-10-01,West,Office Supplies,Phone,4785.61,7,0.07,726.86,Corporate,Debit Card
ORD0275,2025-10-02,North,Office Supplies,Monitor,3977.14,4,0.2,422.33,Small Business,Debit Card
ORD0276,2025-10-03,West,Clothing,Printer,1713.95,8,0.14,651.18,Small Business,UPI
ORD0277,2025-10-04,North,Technology,Monitor,3503.05,9,0.23,300.24,Consumer,UPI
ORD0278,2025-10-05,South,Office Supplies,Notebook,2300.49,7,0.04,520.36,Consumer,UPI
ORD0279,2025-10-06,North,Technology,Printer,1422.42,5,0.19,930.98,Small Business,UPI
ORD0280,2025-10-07,South,Clothing,Chair,4236.18,8,0.08,1175.61,Small Business,Debit Card
ORD0281,2025-10-08,West,Furniture,Phone,384.45,4,0.26,1112.24,Corporate,Cash
ORD0282,2025-10-09,West,Office Supplies,Chair,4528.46,2,0.28,1114.03,Corporate,Cash
ORD0283,2025-10-10,South,Technology,Monitor,2415.09,6,0.3,422.89,Corporate,Cash
ORD0284,2025-10-11,East,Technology,Monitor,3258.57,9,0.24,509.43,Small Business,Credit Card
ORD0285,2025-10-12,South,Office Supplies,Phone,3364.9,1,0.23,817.33,Small Business,UPI
ORD0286,2025-10-13,East,Furniture,Monitor,4496.57,7,0.06,1098.85,Small Business,UPI
ORD0287,2025-10-14,North,Furniture,Chair,3256.01,9,0.1,84.59,Corporate,Debit Card
ORD0288,2025-10-15,North,Furniture,Printer,3146.88,9,0.14,295.51,Small Business,Debit Card
ORD0289,2025-10-16,North,Clothing,Printer,519.93,3,0.23,81.02,Consumer,Credit Card
ORD0290,2025-10-17,West,Technology,Laptop,2688.36,5,0.27,695.61,Small Business,Credit Card
ORD0291,2025-10-18,North,Technology,Notebook,920.81,8,0.06,298.19,Small Business,Cash
ORD0292,2025-10-19,East,Technology,Monitor,3739.68,8,0.28,323.94,Small Business,Debit Card
ORD0293,2025-10-20,North,Clothing,Chair,2658.67,4,0.21,-7.81,Small Business,UPI
ORD0294,2025-10-21,South,Technology,Monitor,3465.09,1,0.18,354.73,Small Business,Cash
ORD0295,2025-10-22,South,Clothing,Monitor,400.03,1,0.06,1021.25,Consumer,UPI
ORD0296,2025-10-23,West,Furniture,Desk,607.0,4,0.02,202.99,Consumer,Cash
ORD0297,2025-10-24,South,Office Supplies,Laptop,3638.35,6,0.17,803.74,Small Business,UPI
ORD0298,2025-10-25,East,Technology,Chair,546.0,8,0.2,718.52,Corporate,Credit Card
ORD0299,2025-10-26,North,Technology,Chair,542.03,6,0.06,1022.53,Small Business,Cash
ORD0300,2025-10-27,West,Furniture,Monitor,258.12,9,0.17,71.97,Small Business,UPI
ORD0301,2025-10-28,North,Office Supplies,Laptop,4791.21,9,0.26,1170.87,Small Business,UPI
ORD0302,2025-10-29,North,Clothing,Printer,3740.04,2,0.25,657.42,Corporate,Debit Card
ORD0303,2025-10-30,East,Office Supplies,Chair,1895.61,1,0.28,1194.12,Corporate,Cash
ORD0304,2025-10-31,South,Furniture,Printer,1623.37,2,0.11,1084.97,Corporate,UPI
ORD0305,2025-11-01,South,Furniture,Laptop,1878.58,5,0.1,187.97,Consumer,Debit Card
ORD0306,2025-11-02,North,Office Supplies,Printer,3918.34,4,0.22,-26.99,Corporate,UPI
ORD0307,2025-11-03,West,Clothing,Phone,3374.58,4,0.13,232.33,Consumer,Cash
ORD0308,2025-11-04,South,Clothing,Desk,1088.94,9,0.03,585.83,Consumer,Credit Card
ORD0309,2025-11-05,West,Technology,Headphones,1035.72,8,0.08,123.08,Corporate,Cash
ORD0310,2025-11-06,South,Clothing,Chair,672.3,6,0.13,117.7,Corporate,Cash
ORD0311,2025-11-07,West,Office Supplies,Notebook,3369.45,1,0.09,501.37,Corporate,UPI
ORD0312,2025-11-08,East,Furniture,Desk,3868.99,2,0.1,-56.75,Consumer,UPI
ORD0313,2025-11-09,West,Technology,Headphones,1472.22,6,0.09,58.45,Small Business,Cash
ORD0314,2025-11-10,East,Technology,Printer,300.54,2,0.01,440.62,Corporate,Debit Card
ORD0315,2025-11-11,East,Furniture,Chair,594.42,5,0.19,-17.93,Corporate,Debit Card
ORD0316,2025-11-12,West,Clothing,Printer,4845.73,5,0.18,415.78,Corporate,Debit Card
ORD0317,2025-11-13,East,Furniture,Phone,1618.13,6,0.2,516.21,Consumer,UPI
ORD0318,2025-11-14,North,Clothing,Laptop,3892.27,6,0.06,486.65,Consumer,UPI
ORD0319,2025-11-15,East,Furniture,Chair,3198.39,6,0.09,1029.93,Small Business,Cash
ORD0320,2025-11-16,South,Office Supplies,Headphones,2033.31,2,0.19,589.08,Corporate,Credit Card
ORD0321,2025-11-17,West,Clothing,Headphones,1187.3,3,0.18,508.37,Consumer,UPI
ORD0322,2025-11-18,North,Office Supplies,Phone,782.65,6,0.15,433.92,Small Business,Cash
ORD0323,2025-11-19,West,Technology,Phone,3152.06,8,0.11,962.91,Corporate,Cash
ORD0324,2025-11-20,South,Furniture,Monitor,3918.24,1,0.27,1063.57,Consumer,Credit Card
ORD0325,2025-11-21,South,Technology,Chair,3290.74,1,0.1,1009.22,Corporate,Debit Card
ORD0326,2025-11-22,South,Technology,Printer,2745.45,2,0.14,775.61,Corporate,Cash
ORD0327,2025-11-23,East,Technology,Notebook,401.37,6,0.2,78.57,Consumer,Cash
ORD0328,2025-11-24,East,Technology,Headphones,4848.75,9,0.16,259.93,Consumer,Cash
ORD0329,2025-11-25,West,Furniture,Headphones,4033.83,4,0.1,-40.12,Consumer,Debit Card
ORD0330,2025-11-26,West,Technology,Phone,1605.55,3,0.13,1110.07,Corporate,Debit Card
ORD0331,2025-11-27,North,Furniture,Desk,4903.86,8,0.24,759.04,Corporate,Credit Card
ORD0332,2025-11-28,North,Furniture,Phone,3089.03,9,0.08,870.27,Small Business,UPI
ORD0333,2025-11-29,West,Office Supplies,Notebook,2995.63,5,0.04,305.04,Corporate,Debit Card
ORD0334,2025-11-30,East,Clothing,Printer,3790.75,9,0.09,999.35,Consumer,UPI
ORD0335,2025-12-01,South,Clothing,Printer,4096.49,2,0.25,237.48,Corporate,UPI
ORD0336,2025-12-02,West,Furniture,Desk,3351.1,3,0.03,-97.86,Small Business,Debit Card
ORD0337,2025-12-03,North,Office Supplies,Headphones,814.86,7,0.3,389.34,Small Business,Cash
ORD0338,2025-12-04,East,Furniture,Phone,1823.68,7,0.16,641.99,Consumer,Credit Card
ORD0339,2025-12-05,West,Furniture,Monitor,4654.8,6,0.3,522.32,Consumer,UPI
ORD0340,2025-12-06,West,Furniture,Printer,1278.15,6,0.28,1020.7,Small Business,Cash
ORD0341,2025-12-07,East,Office Supplies,Notebook,1986.4,2,0.14,37.03,Small Business,Debit Card
ORD0342,2025-12-08,West,Clothing,Chair,2273.97,6,0.06,619.97,Small Business,UPI
ORD0343,2025-12-09,East,Office Supplies,Laptop,2309.14,4,0.05,566.87,Consumer,UPI
ORD0344,2025-12-10,South,Technology,Laptop,3142.11,3,0.07,265.81,Small Business,UPI
ORD0345,2025-12-11,East,Office Supplies,Laptop,4726.76,2,0.21,968.9,Small Business,Cash
ORD0346,2025-12-12,East,Office Supplies,Monitor,1355.33,1,0.08,878.7,Consumer,Cash
ORD0347,2025-12-13,East,Office Supplies,Headphones,783.21,5,0.1,852.72,Corporate,Cash
ORD0348,2025-12-14,West,Office Supplies,Phone,1147.86,2,0.13,1039.05,Corporate,UPI
ORD0349,2025-12-15,West,Clothing,Desk,4457.24,2,0.27,839.62,Small Business,UPI
ORD0350,2025-12-16,East,Technology,Monitor,3299.89,7,0.06,201.39,Corporate,Credit Card
ORD0351,2025-12-17,West,Clothing,Monitor,1572.35,8,0.0,-1500.0,Corporate,Credit Card
ORD0352,2025-12-18,North,Clothing,Printer,4116.55,8,0.02,300.01,Corporate,Cash
ORD0353,2025-12-19,North,Office Supplies,Chair,4334.58,4,0.27,214.83,Corporate,Cash
ORD0354,2025-12-20,West,Furniture,Monitor,4263.27,1,0.19,-5.1,Small Business,Debit Card
ORD0355,2025-12-21,West,Furniture,Notebook,4610.85,7,0.08,867.24,Corporate,Cash
ORD0356,2025-12-22,East,Clothing,Chair,1410.76,1,0.05,824.3,Corporate,Credit Card
ORD0357,2025-12-23,South,Clothing,Notebook,3824.2,4,0.09,204.85,Consumer,Credit Card
ORD0358,2025-12-24,West,Office Supplies,Headphones,2410.59,8,0.03,874.19,Small Business,Credit Card
ORD0359,2025-12-25,North,Clothing,Phone,4241.59,2,0.28,1093.19,Consumer,UPI
ORD0360,2025-12-26,East,Office Supplies,Laptop,3696.76,6,0.24,40.44,Consumer,UPI
ORD0361,2025-12-27,West,Furniture,Monitor,3926.95,6,0.14,202.43,Small Business,Cash
ORD0362,2025-12-28,North,Furniture,Phone,3349.58,9,0.26,875.34,Corporate,Debit Card
ORD0363,2025-12-29,North,Technology,Headphones,1051.66,5,0.07,256.86,Consumer,Debit Card
ORD0364,2025-12-30,South,Furniture,Desk,2816.13,4,0.22,712.06,Small Business,Debit Card
ORD0365,2025-12-31,East,Clothing,Desk,4926.41,5,0.26,5.51,Corporate,UPI
ORD0366,2026-01-01,East,Furniture,Headphones,4699.46,5,0.11,487.86,Small Business,Credit Card
ORD0367,2026-01-02,South,Office Supplies,Notebook,407.23,8,0.23,860.82,Consumer,Credit Card
ORD0368,2026-01-03,South,Furniture,Printer,991.11,8,0.09,792.47,Corporate,UPI
ORD0369,2026-01-04,East,Technology,Printer,832.3,2,0.09,959.59,Corporate,Debit Card
ORD0370,2026-01-05,East,Furniture,Notebook,3684.7,7,0.03,1040.69,Small Business,Debit Card
ORD0371,2026-01-06,West,Office Supplies,Desk,4125.37,8,0.13,905.14,Corporate,Cash
ORD0372,2026-01-07,West,Office Supplies,Desk,1224.85,6,0.22,773.06,Consumer,Cash
ORD0373,2026-01-08,South,Clothing,Monitor,2628.09,5,0.28,-58.76,Consumer,Debit Card
ORD0374,2026-01-09,West,Furniture,Desk,4235.37,9,0.18,595.46,Consumer,UPI
ORD0375,2026-01-10,North,Office Supplies,Phone,3717.45,3,0.26,-50.99,Small Business,Debit Card
ORD0376,2026-01-11,West,Technology,Desk,2802.74,4,0.25,950.49,Corporate,Cash
ORD0377,2026-01-12,West,Clothing,Chair,3033.67,9,0.05,316.94,Corporate,Debit Card
ORD0378,2026-01-13,North,Technology,Monitor,2640.13,6,0.15,631.16,Corporate,UPI
ORD0379,2026-01-14,South,Furniture,Laptop,1628.23,8,0.04,263.28,Consumer,Credit Card
ORD0380,2026-01-15,North,Furniture,Desk,2912.11,7,0.2,917.25,Corporate,UPI
ORD0381,2026-01-16,West,Furniture,Notebook,3506.65,2,0.28,1052.45,Consumer,UPI
ORD0382,2026-01-17,South,Clothing,Laptop,4391.95,3,0.04,418.24,Corporate,Cash
ORD0383,2026-01-18,West,Office Supplies,Phone,3254.2,1,0.22,1021.8,Consumer,UPI
ORD0384,2026-01-19,North,Clothing,Notebook,3853.38,9,0.19,247.2,Corporate,UPI
ORD0385,2026-01-20,North,Technology,Laptop,968.34,7,0.18,595.06,Small Business,Cash
ORD0386,2026-01-21,West,Clothing,Notebook,2415.48,1,0.12,1016.39,Small Business,Cash
ORD0387,2026-01-22,East,Technology,Phone,244.79,3,0.11,323.65,Consumer,Credit Card
ORD0388,2026-01-23,East,Clothing,Monitor,1384.06,4,0.01,1140.25,Consumer,Debit Card
ORD0389,2026-01-24,North,Office Supplies,Chair,3687.02,4,0.07,58.44,Corporate,UPI
ORD0390,2026-01-25,North,Technology,Phone,4960.69,5,0.0,-76.24,Corporate,Cash
ORD0391,2026-01-26,East,Furniture,Phone,676.05,3,0.17,1075.38,Small Business,Credit Card
ORD0392,2026-01-27,East,Furniture,Notebook,2127.17,3,0.03,-10.76,Corporate,Debit Card
ORD0393,2026-01-28,West,Clothing,Monitor,4040.34,1,0.26,1189.46,Consumer,Cash
ORD0394,2026-01-29,West,Furniture,Headphones,1179.37,7,0.16,1136.82,Consumer,Debit Card
ORD0395,2026-01-30,East,Technology,Printer,2864.41,1,0.21,78.13,Consumer,Debit Card
ORD0396,2026-01-31,West,Furniture,Desk,3718.74,2,0.12,598.86,Consumer,UPI
ORD0397,2026-02-01,West,Office Supplies,Desk,3156.73,4,0.17,140.4,Consumer,UPI
ORD0398,2026-02-02,South,Office Supplies,Chair,1102.52,4,0.28,456.6,Small Business,Cash
ORD0399,2026-02-03,West,Clothing,Chair,1905.85,5,0.02,-20.15,Small Business,Debit Card
ORD0400,2026-02-04,North,Technology,Desk,3962.2,2,0.08,191.1,Consumer,Cash
ORD0401,2026-02-05,West,Office Supplies,Printer,2860.29,4,0.23,372.25,Corporate,Cash
ORD0402,2026-02-06,West,Office Supplies,Desk,225.1,1,0.03,470.24,Consumer,Debit Card
ORD0403,2026-02-07,East,Technology,Headphones,3852.76,2,0.02,1170.75,Small Business,Cash
ORD0404,2026-02-08,North,Furniture,Printer,369.49,1,0.11,950.23,Consumer,Debit Card
ORD0405,2026-02-09,West,Furniture,Chair,3779.52,4,0.03,858.63,Small Business,Debit Card
ORD0406,2026-02-10,West,Clothing,Laptop,1171.91,4,0.18,598.15,Small Business,Debit Card
ORD0407,2026-02-11,South,Furniture,Notebook,4798.75,7,0.07,992.0,Consumer,Debit Card
ORD0408,2026-02-12,West,Technology,Headphones,1966.12,9,0.27,341.12,Consumer,Credit Card
ORD0409,2026-02-13,West,Office Supplies,Headphones,1769.27,9,0.24,821.57,Corporate,Debit Card
ORD0410,2026-02-14,South,Furniture,Monitor,914.66,5,0.21,1191.92,Small Business,UPI
ORD0411,2026-02-15,East,Clothing,Chair,1666.9,1,0.19,309.02,Corporate,UPI
ORD0412,2026-02-16,West,Furniture,Chair,4407.92,1,0.26,776.22,Consumer,UPI
ORD0413,2026-02-17,South,Technology,Phone,4982.4,6,0.07,997.61,Small Business,Debit Card
ORD0414,2026-02-18,North,Clothing,Headphones,1967.89,2,0.26,1090.55,Corporate,UPI
ORD0415,2026-02-19,East,Furniture,Phone,2353.33,8,0.24,833.31,Corporate,Credit Card
ORD0416,2026-02-20,North,Clothing,Phone,3665.94,9,0.22,268.69,Corporate,Cash
ORD0417,2026-02-21,North,Technology,Notebook,4453.74,4,0.17,324.17,Consumer,Debit Card
ORD0418,2026-02-22,South,Office Supplies,Phone,3046.61,5,0.07,-73.01,Consumer,UPI
ORD0419,2026-02-23,West,Technology,Printer,2079.32,8,0.13,889.15,Consumer,Credit Card
ORD0420,2026-02-24,South,Technology,Desk,2180.58,3,0.24,-44.44,Small Business,Cash
ORD0421,2026-02-25,South,Technology,Laptop,3538.97,5,0.01,1024.05,Consumer,Credit Card
ORD0422,2026-02-26,South,Technology,Chair,215.45,3,0.23,54.26,Small Business,UPI
ORD0423,2026-02-27,South,Office Supplies,Printer,3174.03,3,0.07,123.44,Corporate,Credit Card
ORD0424,2026-02-28,East,Office Supplies,Laptop,1906.37,3,0.04,519.48,Corporate,Cash
ORD0425,2026-03-01,West,Clothing,Headphones,4012.15,7,0.03,859.24,Consumer,UPI
ORD0426,2026-03-02,North,Furniture,Headphones,646.36,7,0.01,80.7,Corporate,Cash
ORD0427,2026-03-03,North,Office Supplies,Headphones,3023.37,7,0.16,472.09,Consumer,Credit Card
ORD0428,2026-03-04,West,Office Supplies,Printer,2508.67,8,0.07,527.71,Small Business,Debit Card
ORD0429,2026-03-05,North,Furniture,Printer,3283.16,5,0.3,175.97,Corporate,Debit Card
ORD0430,2026-03-06,West,Office Supplies,Chair,511.3,5,0.17,50.23,Consumer,Debit Card
ORD0431,2026-03-07,North,Technology,Desk,2983.92,4,0.04,987.35,Corporate,Debit Card
ORD0432,2026-03-08,South,Technology,Monitor,2895.13,7,0.21,553.21,Corporate,Cash
ORD0433,2026-03-09,North,Furniture,Phone,2891.17,4,0.27,-81.3,Consumer,Debit Card
ORD0434,2026-03-10,West,Clothing,Headphones,3096.74,2,0.22,943.88,Corporate,Cash
ORD0435,2026-03-11,West,Clothing,Notebook,3447.05,4,0.02,1175.03,Corporate,UPI
ORD0436,2026-03-12,West,Furniture,Desk,4063.95,8,0.27,687.7,Corporate,Debit Card
ORD0437,2026-03-13,West,Furniture,Notebook,1495.14,9,0.24,554.82,Corporate,Cash
ORD0438,2026-03-14,West,Technology,Chair,4160.24,3,0.05,1041.94,Small Business,Debit Card
ORD0439,2026-03-15,East,Clothing,Chair,2591.63,7,0.02,1138.27,Corporate,Debit Card
ORD0440,2026-03-16,East,Office Supplies,Chair,569.88,9,0.17,880.9,Corporate,Debit Card
ORD0441,2026-03-17,North,Technology,Laptop,481.04,4,0.05,479.09,Consumer,Cash
ORD0442,2026-03-18,West,Furniture,Notebook,1804.34,3,0.25,669.89,Small Business,Credit Card
ORD0443,2026-03-19,North,Clothing,Desk,3967.51,5,0.11,811.22,Consumer,Debit Card
ORD0444,2026-03-20,West,Office Supplies,Monitor,3596.87,1,0.27,152.56,Consumer,Debit Card
ORD0445,2026-03-21,West,Office Supplies,Desk,3985.35,3,0.17,481.36,Consumer,UPI
ORD0446,2026-03-22,East,Technology,Printer,2682.89,8,0.05,978.77,Small Business,Credit Card
ORD0447,2026-03-23,East,Clothing,Printer,2312.96,8,0.04,751.14,Consumer,Cash
ORD0448,2026-03-24,South,Clothing,Headphones,907.77,4,0.17,434.57,Consumer,UPI
ORD0449,2026-03-25,East,Furniture,Monitor,1775.33,2,0.23,762.37,Consumer,Debit Card
ORD0450,2026-03-26,South,Clothing,Printer,2283.29,8,0.23,53.69,Corporate,UPI
ORD0451,2026-03-27,South,Clothing,Chair,625.28,8,0.08,421.95,Consumer,UPI
ORD0452,2026-03-28,South,Technology,Desk,1258.94,4,0.06,931.07,Small Business,Debit Card
ORD0453,2026-03-29,South,Clothing,Notebook,3071.48,3,0.01,186.66,Small Business,Credit Card
ORD0454,2026-03-30,South,Office Supplies,Chair,3731.18,2,0.2,141.75,Corporate,Credit Card
ORD0455,2026-03-31,North,Technology,Laptop,4992.07,9,0.02,1136.06,Small Business,UPI
ORD0456,2026-04-01,East,Technology,Printer,4678.94,1,0.13,172.87,Small Business,Debit Card
ORD0457,2026-04-02,South,Furniture,Chair,3284.31,7,0.18,239.19,Corporate,Cash
ORD0458,2026-04-03,West,Clothing,Chair,2221.99,5,0.28,1160.5,Consumer,UPI
ORD0459,2026-04-04,East,Furniture,Laptop,3253.65,8,0.09,855.12,Corporate,Cash
ORD0460,2026-04-05,East,Office Supplies,Phone,3971.13,4,0.07,809.48,Consumer,UPI
ORD0461,2026-04-06,South,Technology,Desk,768.01,7,0.2,1008.8,Consumer,UPI
ORD0462,2026-04-07,North,Technology,Notebook,2167.54,5,0.19,50.57,Small Business,Debit Card
ORD0463,2026-04-08,South,Technology,Headphones,4231.05,5,0.1,817.74,Corporate,Debit Card
ORD0464,2026-04-09,North,Office Supplies,Phone,2042.4,9,0.28,554.8,Small Business,Cash
ORD0465,2026-04-10,West,Office Supplies,Printer,2944.99,9,0.25,977.9,Small Business,Cash
ORD0466,2026-04-11,East,Furniture,Chair,3021.29,9,0.07,560.58,Consumer,Credit Card
ORD0467,2026-04-12,West,Furniture,Monitor,1085.49,6,0.07,706.31,Small Business,Debit Card
ORD0468,2026-04-13,North,Furniture,Laptop,1938.73,6,0.15,521.06,Corporate,UPI
ORD0469,2026-04-14,North,Clothing,Laptop,1805.65,5,0.23,521.61,Small Business,UPI
ORD0470,2026-04-15,West,Technology,Monitor,325.74,9,0.01,898.36,Small Business,Credit Card
ORD0471,2026-04-16,North,Technology,Desk,316.12,8,0.21,717.14,Consumer,Debit Card
ORD0472,2026-04-17,West,Furniture,Phone,4192.15,7,0.19,723.24,Corporate,UPI
ORD0473,2026-04-18,East,Technology,Headphones,1510.74,7,0.07,485.37,Small Business,Credit Card
ORD0474,2026-04-19,West,Furniture,Desk,2686.78,6,0.2,590.44,Consumer,Credit Card
ORD0475,2026-04-20,East,Clothing,Monitor,1633.88,5,0.28,869.43,Small Business,UPI
ORD0476,2026-04-21,West,Clothing,Chair,4715.26,4,0.01,973.72,Corporate,UPI
ORD0477,2026-04-22,North,Office Supplies,Monitor,1444.62,3,0.1,805.53,Small Business,Cash
ORD0478,2026-04-23,West,Clothing,Desk,2262.35,3,0.13,1101.29,Small Business,Debit Card
ORD0479,2026-04-24,North,Furniture,Notebook,4389.11,6,0.27,966.42,Consumer,Cash
ORD0480,2026-04-25,West,Clothing,Laptop,4241.28,4,0.29,630.42,Small Business,Credit Card
ORD0481,2026-04-26,West,Office Supplies,Laptop,1093.29,6,0.13,772.83,Consumer,UPI
ORD0482,2026-04-27,South,Technology,Printer,4052.69,3,0.23,1104.2,Corporate,Cash
ORD0483,2026-04-28,North,Furniture,Printer,2399.3,4,0.16,704.92,Small Business,Credit Card
ORD0484,2026-04-29,South,Technology,Monitor,2518.25,9,0.16,972.25,Corporate,Debit Card
ORD0485,2026-04-30,North,Office Supplies,Headphones,840.7,5,0.08,795.45,Corporate,UPI
ORD0486,2026-05-01,South,Office Supplies,Chair,586.89,7,0.07,617.52,Small Business,Cash
ORD0487,2026-05-02,East,Office Supplies,Notebook,3694.11,2,0.09,214.39,Consumer,Debit Card
ORD0488,2026-05-03,West,Technology,Phone,2583.01,5,0.17,453.8,Corporate,Cash
ORD0489,2026-05-04,North,Technology,Desk,2296.88,9,0.01,1158.07,Corporate,Credit Card
ORD0490,2026-05-05,North,Technology,Headphones,3701.64,3,0.27,755.09,Small Business,Debit Card
ORD0491,2026-05-06,West,Technology,Chair,3874.46,9,0.05,633.71,Small Business,Cash
ORD0492,2026-05-07,North,Office Supplies,Printer,962.76,6,0.07,1112.84,Small Business,Debit Card
ORD0493,2026-05-08,North,Office Supplies,Monitor,3129.08,4,0.16,662.47,Small Business,Credit Card
ORD0494,2026-05-09,South,Furniture,Desk,849.7,7,0.21,583.91,Small Business,Debit Card
ORD0495,2026-05-10,North,Furniture,Printer,3806.6,8,0.03,887.1,Small Business,Cash
ORD0496,2026-05-11,East,Technology,Monitor,3353.38,6,0.1,826.47,Consumer,Credit Card
ORD0497,2026-05-12,East,Clothing,Desk,4791.75,5,0.29,151.11,Corporate,UPI
ORD0498,2026-05-13,West,Clothing,Phone,531.0,6,0.08,512.7,Consumer,Cash
ORD0499,2026-05-14,North,Office Supplies,Chair,473.86,5,0.09,514.27,Consumer,Cash
ORD0500,2026-05-15,West,Office Supplies,Desk,1554.5,8,0.25,391.69,Small Business,Credit Card
ORD0501,2026-05-16,East,Office Supplies,Notebook,1456.19,1,0.02,572.48,Corporate,Credit Card
ORD0502,2026-05-17,North,Furniture,Headphones,1385.5,7,0.14,437.04,Consumer,UPI
ORD0503,2026-05-18,North,Furniture,Laptop,4550.02,2,0.11,159.15,Small Business,Cash
ORD0504,2026-05-19,West,Office Supplies,Notebook,1397.82,9,0.09,436.08,Small Business,Credit Card
ORD0505,2026-05-20,East,Office Supplies,Notebook,1505.36,1,0.09,-6.04,Corporate,UPI
ORD0506,2026-05-21,North,Office Supplies,Headphones,3845.11,6,0.03,648.52,Consumer,UPI
ORD0507,2026-05-22,West,Clothing,Laptop,2358.75,9,0.09,1009.75,Consumer,Credit Card
ORD0508,2026-05-23,East,Furniture,Notebook,3928.21,1,0.01,842.87,Consumer,Cash
ORD0509,2026-05-24,West,Clothing,Desk,513.76,4,0.23,368.51,Small Business,Debit Card
ORD0510,2026-05-25,South,Clothing,Desk,2540.34,4,0.12,13.19,Corporate,Debit Card
ORD0511,2026-05-26,North,Office Supplies,Desk,361.35,9,0.13,162.79,Corporate,UPI
ORD0512,2026-05-27,South,Office Supplies,Laptop,500.74,5,0.27,609.14,Consumer,Debit Card
ORD0513,2026-05-28,East,Technology,Notebook,4550.9,5,0.2,169.17,Small Business,Debit Card
ORD0514,2026-05-29,South,Technology,Monitor,868.38,6,0.0,607.17,Consumer,Credit Card
ORD0515,2026-05-30,South,Clothing,Laptop,2755.62,1,0.28,201.08,Corporate,UPI
ORD0516,2026-05-31,East,Furniture,Desk,2173.26,1,0.07,1003.6,Small Business,Cash
ORD0517,2026-06-01,West,Office Supplies,Headphones,1867.25,9,0.03,416.45,Consumer,UPI
ORD0518,2026-06-02,South,Office Supplies,Notebook,4519.2,3,0.23,219.22,Consumer,Credit Card
ORD0519,2026-06-03,West,Clothing,Notebook,304.75,4,0.15,956.02,Small Business,Debit Card
ORD0520,2026-06-04,South,Technology,Printer,3386.19,1,0.13,345.69,Corporate,Cash
ORD0521,2026-06-05,West,Furniture,Printer,4824.29,9,0.07,44.93,Small Business,UPI
ORD0522,2026-06-06,East,Technology,Phone,2888.81,8,0.16,641.53,Consumer,Debit Card
ORD0523,2026-06-07,South,Technology,Monitor,4696.75,2,0.08,656.03,Consumer,UPI
ORD0524,2026-06-08,East,Technology,Monitor,450.84,8,0.27,829.1,Consumer,Cash
ORD0525,2026-06-09,South,Technology,Chair,2210.21,7,0.06,212.29,Consumer,UPI
ORD0526,2026-06-10,East,Office Supplies,Monitor,1448.76,6,0.27,476.9,Corporate,UPI
ORD0527,2026-06-11,East,Office Supplies,Printer,3707.94,1,0.17,267.08,Corporate,UPI
ORD0528,2026-06-12,South,Technology,Laptop,4910.23,7,0.25,5.24,Consumer,Debit Card
ORD0529,2026-06-13,South,Furniture,Monitor,1431.34,7,0.21,1039.6,Corporate,Cash
ORD0530,2026-06-14,South,Clothing,Printer,3340.04,9,0.21,847.53,Corporate,Cash
ORD0531,2026-06-15,North,Furniture,Phone,1150.87,1,0.1,291.9,Corporate,Debit Card
ORD0532,2026-06-16,West,Furniture,Notebook,2913.59,2,0.07,679.18,Consumer,Debit Card
ORD0533,2026-06-17,North,Furniture,Monitor,2426.88,9,0.06,161.64,Small Business,Debit Card
ORD0534,2026-06-18,North,Technology,Phone,4865.63,9,0.26,1057.31,Small Business,Credit Card
ORD0535,2026-06-19,East,Office Supplies,Notebook,3120.93,6,0.25,49.38,Small Business,UPI
ORD0536,2026-06-20,South,Furniture,Headphones,1877.63,6,0.13,-95.01,Consumer,UPI
ORD0537,2026-06-21,West,Technology,Headphones,747.66,4,0.04,552.61,Corporate,Cash
ORD0538,2026-06-22,East,Furniture,Notebook,925.98,4,0.11,658.07,Corporate,UPI
ORD0539,2026-06-23,North,Furniture,Monitor,1281.52,5,0.19,652.65,Consumer,Credit Card
ORD0540,2026-06-24,South,Technology,Chair,1404.64,3,0.14,-29.13,Consumer,Debit Card
ORD0541,2026-06-25,East,Office Supplies,Printer,4282.96,1,0.23,308.26,Small Business,Cash
ORD0542,2026-06-26,South,Office Supplies,Laptop,2893.87,1,0.3,548.96,Small Business,Cash
ORD0543,2026-06-27,East,Clothing,Laptop,2712.28,7,0.06,181.55,Consumer,UPI
ORD0544,2026-06-28,South,Technology,Desk,750.89,1,0.14,1034.41,Small Business,Cash
ORD0545,2026-06-29,North,Clothing,Notebook,4328.67,1,0.13,13.24,Corporate,Debit Card
ORD0546,2026-06-30,West,Clothing,Laptop,3669.51,3,0.09,533.6,Consumer,Cash
ORD0547,2026-07-01,North,Clothing,Monitor,524.81,4,0.06,798.84,Consumer,Debit Card
ORD0548,2026-07-02,West,Office Supplies,Chair,3597.61,4,0.02,240.28,Corporate,Credit Card
ORD0549,2026-07-03,South,Technology,Notebook,2808.98,2,0.27,711.51,Corporate,Credit Card
ORD0550,2026-07-04,East,Clothing,Chair,592.28,1,0.13,978.2,Corporate,Debit Card
ORD0551,2026-07-05,North,Technology,Monitor,2399.84,3,0.15,147.44,Small Business,UPI
ORD0552,2026-07-06,West,Technology,Laptop,2526.54,4,0.28,1092.39,Consumer,Cash
ORD0553,2026-07-07,North,Office Supplies,Laptop,995.72,3,0.23,619.63,Small Business,UPI
ORD0554,2026-07-08,West,Clothing,Desk,4739.35,8,0.04,289.0,Corporate,Cash
ORD0555,2026-07-09,North,Clothing,Laptop,4279.88,1,0.17,460.12,Small Business,Credit Card
ORD0556,2026-07-10,West,Technology,Notebook,3411.31,2,0.13,305.85,Corporate,Credit Card
ORD0557,2026-07-11,West,Furniture,Monitor,2419.02,7,0.24,842.64,Small Business,Credit Card
ORD0558,2026-07-12,South,Office Supplies,Headphones,2176.47,4,0.22,935.19,Small Business,Cash
ORD0559,2026-07-13,West,Office Supplies,Monitor,3324.67,8,0.21,982.82,Corporate,Credit Card
ORD0560,2026-07-14,South,Office Supplies,Notebook,2818.07,3,0.1,1181.5,Small Business,Credit Card
ORD0561,2026-07-15,West,Office Supplies,Notebook,498.91,6,0.24,928.67,Consumer,Credit Card
ORD0562,2026-07-16,East,Clothing,Desk,2660.01,9,0.02,681.8,Small Business,Credit Card
ORD0563,2026-07-17,East,Clothing,Desk,4070.74,1,0.05,340.99,Small Business,UPI
ORD0564,2026-07-18,East,Furniture,Laptop,2404.35,1,0.1,607.97,Consumer,Credit Card
ORD0565,2026-07-19,West,Office Supplies,Phone,449.39,8,0.02,-46.61,Corporate,Credit Card
ORD0566,2026-07-20,South,Office Supplies,Monitor,3974.14,3,0.07,868.27,Consumer,UPI
ORD0567,2026-07-21,South,Technology,Monitor,1166.55,5,0.25,479.74,Small Business,UPI
ORD0568,2026-07-22,West,Clothing,Phone,1441.38,1,0.28,-73.97,Corporate,Cash
ORD0569,2026-07-23,East,Office Supplies,Desk,990.59,5,0.09,-18.74,Small Business,Debit Card
ORD0570,2026-07-24,East,Furniture,Laptop,1785.03,6,0.08,403.71,Small Business,Credit Card
ORD0571,2026-07-25,South,Furniture,Phone,3832.41,8,0.08,658.45,Consumer,Credit Card
ORD0572,2026-07-26,East,Clothing,Laptop,2693.05,3,0.08,503.47,Consumer,Credit Card
ORD0573,2026-07-27,North,Furniture,Laptop,1183.43,3,0.01,704.97,Corporate,Cash
ORD0574,2026-07-28,South,Furniture,Laptop,4413.58,9,0.28,524.38,Corporate,Credit Card
ORD0575,2026-07-29,East,Clothing,Printer,4421.99,4,0.06,760.21,Corporate,Debit Card
ORD0576,2026-07-30,South,Office Supplies,Notebook,4378.78,4,0.13,184.86,Small Business,UPI
ORD0577,2026-07-31,North,Office Supplies,Laptop,1346.22,7,0.0,46.7,Consumer,Cash
ORD0578,2026-08-01,South,Furniture,Printer,2365.95,2,0.26,675.36,Consumer,UPI
ORD0579,2026-08-02,South,Furniture,Desk,4927.95,8,0.22,530.1,Consumer,Credit Card
ORD0580,2026-08-03,South,Office Supplies,Phone,3905.66,6,0.28,-65.07,Corporate,Credit Card
ORD0581,2026-08-04,South,Clothing,Notebook,330.4,3,0.23,394.63,Consumer,Credit Card
ORD0582,2026-08-05,North,Furniture,Headphones,512.98,9,0.09,37.96,Consumer,Debit Card
ORD0583,2026-08-06,West,Technology,Phone,2426.87,5,0.07,590.76,Consumer,Debit Card
ORD0584,2026-08-07,South,Clothing,Notebook,4564.26,8,0.21,414.51,Corporate,Cash
ORD0585,2026-08-08,South,Furniture,Headphones,2785.77,7,0.11,697.1,Consumer,UPI
ORD0586,2026-08-09,East,Furniture,Phone,2589.5,8,0.17,947.28,Corporate,Credit Card
ORD0587,2026-08-10,South,Technology,Notebook,706.27,7,0.0,289.57,Consumer,Credit Card
ORD0588,2026-08-11,East,Technology,Phone,3352.54,3,0.02,1150.73,Consumer,Credit Card
ORD0589,2026-08-12,West,Office Supplies,Phone,4146.1,2,0.16,596.32,Consumer,Credit Card
ORD0590,2026-08-13,North,Clothing,Headphones,2026.02,7,0.17,703.78,Corporate,Debit Card
ORD0591,2026-08-14,North,Clothing,Phone,3922.94,3,0.23,784.87,Corporate,UPI
ORD0592,2026-08-15,West,Office Supplies,Phone,4829.49,3,0.04,766.75,Consumer,UPI
ORD0593,2026-08-16,North,Clothing,Headphones,1178.08,2,0.15,564.26,Small Business,Cash
ORD0594,2026-08-17,West,Clothing,Desk,2711.98,4,0.06,457.39,Corporate,Debit Card
ORD0595,2026-08-18,West,Clothing,Laptop,1578.26,8,0.03,-30.08,Corporate,Credit Card
ORD0596,2026-08-19,West,Clothing,Monitor,4005.7,1,0.12,-71.29,Consumer,UPI
ORD0597,2026-08-20,North,Clothing,Chair,2972.45,1,0.05,365.35,Small Business,UPI
ORD0598,2026-08-21,East,Technology,Printer,3246.0,5,0.07,333.76,Consumer,Debit Card
ORD0599,2026-08-22,West,Clothing,Chair,4029.99,5,0.1,404.0,Corporate,Cash
ORD0600,2026-08-23,South,Technology,Chair,2100.66,1,0.08,79.88,Corporate,Cash
ORD0601,2026-08-24,North,Clothing,Notebook,4592.43,6,0.03,859.62,Consumer,Credit Card
ORD0602,2026-08-25,West,Office Supplies,Laptop,2758.54,1,0.03,1014.05,Consumer,Cash
ORD0603,2026-08-26,West,Furniture,Notebook,958.18,5,0.06,1120.33,Small Business,UPI
ORD0604,2026-08-27,South,Technology,Laptop,3540.32,9,0.02,540.07,Small Business,Cash
ORD0605,2026-08-28,East,Clothing,Headphones,4007.65,5,0.19,811.13,Corporate,Credit Card
ORD0606,2026-08-29,East,Office Supplies,Headphones,1720.46,6,0.09,1012.22,Small Business,UPI
ORD0607,2026-08-30,East,Furniture,Monitor,4314.46,8,0.08,443.78,Small Business,Cash
ORD0608,2026-08-31,West,Technology,Laptop,4549.49,1,0.1,302.24,Corporate,Cash
ORD0609,2026-09-01,West,Furniture,Phone,1529.14,2,0.2,1117.74,Corporate,Debit Card
ORD0610,2026-09-02,West,Office Supplies,Desk,4920.9,9,0.26,570.38,Corporate,Credit Card
ORD0611,2026-09-03,North,Technology,Monitor,875.42,3,0.23,546.43,Corporate,Cash
ORD0612,2026-09-04,South,Furniture,Monitor,1169.68,6,0.22,131.94,Consumer,Debit Card
ORD0613,2026-09-05,West,Clothing,Phone,1084.28,5,0.15,40.6,Corporate,UPI
ORD0614,2026-09-06,South,Technology,Desk,4491.15,2,0.21,994.74,Corporate,Debit Card
ORD0615,2026-09-07,South,Furniture,Notebook,3340.6,7,0.17,698.37,Corporate,Debit Card
ORD0616,2026-09-08,East,Office Supplies,Desk,930.1,4,0.06,323.57,Small Business,Cash
ORD0617,2026-09-09,North,Office Supplies,Notebook,2313.55,1,0.06,149.26,Corporate,Cash
ORD0618,2026-09-10,West,Technology,Headphones,3153.43,4,0.09,622.15,Consumer,Cash
ORD0619,2026-09-11,East,Furniture,Chair,600.63,6,0.27,659.1,Consumer,Debit Card
ORD0620,2026-09-12,East,Technology,Headphones,4435.6,7,0.16,169.09,Corporate,UPI
ORD0621,2026-09-13,West,Technology,Headphones,4057.3,7,0.22,1006.83,Consumer,Credit Card
ORD0622,2026-09-14,South,Furniture,Chair,2624.99,7,0.1,9.54,Small Business,Debit Card
ORD0623,2026-09-15,East,Furniture,Desk,4842.21,3,0.12,362.92,Corporate,Cash
ORD0624,2026-09-16,South,Clothing,Monitor,2205.25,6,0.04,784.5,Consumer,Credit Card
ORD0625,2026-09-17,North,Furniture,Desk,4923.73,8,0.05,256.36,Consumer,UPI
ORD0626,2026-09-18,South,Office Supplies,Notebook,3406.02,4,0.25,975.98,Corporate,Credit Card
ORD0627,2026-09-19,North,Technology,Phone,3246.42,8,0.18,861.83,Consumer,Cash
ORD0628,2026-09-20,South,Technology,Notebook,996.58,2,0.1,925.73,Corporate,Debit Card
ORD0629,2026-09-21,East,Office Supplies,Phone,4433.25,9,0.24,54.84,Consumer,Debit Card
ORD0630,2026-09-22,East,Furniture,Headphones,2251.95,9,0.07,82.71,Small Business,Cash
ORD0631,2026-09-23,North,Office Supplies,Chair,978.72,8,0.29,272.42,Consumer,Debit Card
ORD0632,2026-09-24,West,Office Supplies,Headphones,260.52,1,0.1,573.5,Consumer,Cash
ORD0633,2026-09-25,North,Clothing,Laptop,2886.83,2,0.1,872.42,Corporate,Debit Card
ORD0634,2026-09-26,North,Office Supplies,Desk,2731.52,6,0.09,987.49,Consumer,Debit Card
ORD0635,2026-09-27,South,Technology,Phone,3652.9,5,0.04,815.64,Corporate,Debit Card
ORD0636,2026-09-28,South,Office Supplies,Notebook,4473.24,9,0.03,1107.18,Small Business,UPI
ORD0637,2026-09-29,North,Technology,Chair,581.15,5,0.19,860.37,Corporate,UPI
ORD0638,2026-09-30,East,Technology,Phone,3711.18,2,0.26,298.15,Corporate,Cash
ORD0639,2026-10-01,South,Technology,Notebook,1099.58,4,0.24,244.61,Consumer,UPI
ORD0640,2026-10-02,West,Furniture,Desk,4319.25,9,0.04,805.05,Small Business,Cash
ORD0641,2026-10-03,South,Clothing,Headphones,4131.5,1,0.16,150.73,Corporate,Credit Card
ORD0642,2026-10-04,South,Technology,Desk,2795.81,1,0.03,20.53,Consumer,Credit Card
ORD0643,2026-10-05,West,Technology,Printer,3609.17,7,0.01,591.89,Consumer,UPI
ORD0644,2026-10-06,North,Furniture,Laptop,1708.88,3,0.2,968.13,Corporate,Credit Card
ORD0645,2026-10-07,West,Technology,Printer,2461.61,2,0.16,31.79,Consumer,Credit Card
ORD0646,2026-10-08,North,Office Supplies,Chair,4143.86,9,0.02,929.46,Corporate,Debit Card
ORD0647,2026-10-09,North,Office Supplies,Phone,2404.47,3,0.01,955.04,Corporate,Debit Card
ORD0648,2026-10-10,North,Clothing,Chair,1917.43,2,0.3,526.96,Corporate,Cash
ORD0649,2026-10-11,West,Technology,Headphones,2572.22,8,0.01,-25.5,Small Business,Credit Card
ORD0650,2026-10-12,North,Furniture,Notebook,4175.6,6,0.13,126.97,Corporate,Cash
ORD0651,2026-10-13,East,Office Supplies,Desk,1809.0,6,0.15,819.65,Consumer,Cash
ORD0652,2026-10-14,West,Furniture,Printer,1034.06,7,0.04,825.31,Small Business,Credit Card
ORD0653,2026-10-15,East,Furniture,Monitor,3617.67,7,0.05,1067.86,Consumer,UPI
ORD0654,2026-10-16,North,Office Supplies,Printer,4164.7,6,0.11,657.49,Small Business,Credit Card
ORD0655,2026-10-17,South,Furniture,Headphones,683.06,4,0.23,61.34,Small Business,Debit Card
ORD0656,2026-10-18,North,Office Supplies,Printer,1351.4,9,0.15,57.84,Small Business,Credit Card
ORD0657,2026-10-19,East,Furniture,Headphones,881.47,6,0.19,837.47,Small Business,UPI
ORD0658,2026-10-20,East,Office Supplies,Monitor,1870.12,4,0.3,138.92,Consumer,Cash
ORD0659,2026-10-21,West,Technology,Chair,2361.68,3,0.23,326.9,Corporate,Cash
ORD0660,2026-10-22,South,Clothing,Desk,3794.37,4,0.13,533.38,Consumer,Debit Card
ORD0661,2026-10-23,West,Office Supplies,Phone,3325.51,3,0.13,-67.81,Corporate,Debit Card
ORD0662,2026-10-24,East,Office Supplies,Notebook,3180.46,2,0.19,223.46,Consumer,Debit Card
ORD0663,2026-10-25,North,Clothing,Phone,1891.4,5,0.2,430.26,Small Business,Cash
ORD0664,2026-10-26,South,Office Supplies,Chair,4238.95,2,0.15,263.53,Small Business,Debit Card
ORD0665,2026-10-27,North,Office Supplies,Notebook,2462.18,6,0.19,77.28,Corporate,Credit Card
ORD0666,2026-10-28,North,Furniture,Printer,4899.7,3,0.01,846.42,Corporate,Cash
ORD0667,2026-10-29,South,Clothing,Monitor,3243.88,6,0.13,957.09,Consumer,UPI
ORD0668,2026-10-30,West,Technology,Monitor,806.07,9,0.08,234.72,Corporate,Cash
ORD0669,2026-10-31,North,Office Supplies,Laptop,3445.65,1,0.04,906.75,Consumer,Credit Card
ORD0670,2026-11-01,East,Clothing,Chair,1760.5,6,0.03,401.22,Corporate,Credit Card
ORD0671,2026-11-02,North,Furniture,Chair,3494.37,9,0.18,558.69,Corporate,Debit Card
ORD0672,2026-11-03,South,Technology,Desk,534.28,4,0.16,1012.8,Corporate,Cash
ORD0673,2026-11-04,South,Clothing,Phone,1039.43,2,0.08,874.94,Small Business,Cash
ORD0674,2026-11-05,South,Technology,Chair,4307.54,4,0.14,946.65,Small Business,Cash
ORD0675,2026-11-06,West,Technology,Chair,1290.46,1,0.15,77.9,Consumer,UPI
ORD0676,2026-11-07,North,Technology,Printer,4217.8,3,0.06,-9.36,Corporate,Debit Card
ORD0677,2026-11-08,West,Office Supplies,Printer,1540.53,9,0.2,1061.43,Consumer,Credit Card
ORD0678,2026-11-09,West,Office Supplies,Notebook,3285.83,5,0.23,404.18,Corporate,Credit Card
ORD0679,2026-11-10,South,Furniture,Headphones,3531.92,6,0.24,274.24,Small Business,Debit Card
ORD0680,2026-11-11,South,Furniture,Headphones,2660.74,3,0.18,842.11,Small Business,Credit Card
ORD0681,2026-11-12,West,Clothing,Laptop,1665.49,5,0.15,987.34,Corporate,Credit Card
ORD0682,2026-11-13,North,Furniture,Headphones,1220.69,8,0.02,1021.24,Corporate,Debit Card
ORD0683,2026-11-14,East,Technology,Desk,359.31,6,0.09,310.8,Small Business,Credit Card
ORD0684,2026-11-15,West,Technology,Laptop,1658.94,4,0.03,1007.88,Small Business,Cash
ORD0685,2026-11-16,North,Office Supplies,Notebook,3335.18,2,0.29,-46.79,Consumer,UPI
ORD0686,2026-11-17,South,Technology,Printer,4703.86,9,0.04,-35.44,Small Business,Debit Card
ORD0687,2026-11-18,South,Clothing,Headphones,4381.78,1,0.05,710.57,Corporate,UPI
ORD0688,2026-11-19,North,Technology,Phone,3877.11,1,0.27,-17.96,Consumer,Credit Card
ORD0689,2026-11-20,East,Technology,Printer,3984.55,4,0.28,321.99,Corporate,Credit Card
ORD0690,2026-11-21,South,Clothing,Monitor,3391.93,7,0.23,774.58,Consumer,Cash
ORD0691,2026-11-22,South,Furniture,Desk,1449.38,1,0.0,338.45,Corporate,Debit Card
ORD0692,2026-11-23,South,Furniture,Printer,4554.54,9,0.0,133.48,Small Business,Credit Card
ORD0693,2026-11-24,North,Clothing,Desk,3419.52,4,0.11,265.76,Corporate,Debit Card
ORD0694,2026-11-25,West,Office Supplies,Desk,2890.12,3,0.04,494.85,Consumer,Debit Card
ORD0695,2026-11-26,South,Technology,Desk,732.75,1,0.01,518.0,Corporate,Debit Card
ORD0696,2026-11-27,West,Clothing,Notebook,2345.87,4,0.14,917.9,Consumer,Debit Card
ORD0697,2026-11-28,East,Technology,Desk,2409.72,9,0.28,875.2,Corporate,Debit Card
ORD0698,2026-11-29,South,Office Supplies,Desk,4349.91,6,0.1,493.86,Small Business,UPI
ORD0699,2026-11-30,South,Technology,Monitor,2823.91,6,0.2,999.37,Small Business,Cash
ORD0700,2026-12-01,East,Clothing,Phone,2025.92,1,0.2,48.51,Corporate,Debit Card
ORD0701,2026-12-02,South,Technology,Laptop,4888.64,2,0.08,231.96,Corporate,UPI
ORD0702,2026-12-03,West,Furniture,Chair,731.46,6,0.2,976.37,Corporate,Credit Card
ORD0703,2026-12-04,North,Office Supplies,Monitor,2228.23,2,0.06,391.39,Consumer,Debit Card
ORD0704,2026-12-05,West,Office Supplies,Laptop,401.72,3,0.04,1175.54,Corporate,Credit Card
ORD0705,2026-12-06,North,Office Supplies,Desk,3751.54,4,0.21,506.13,Corporate,Debit Card
ORD0706,2026-12-07,North,Clothing,Phone,4606.77,5,0.03,929.52,Consumer,UPI
ORD0707,2026-12-08,West,Office Supplies,Printer,1544.18,9,0.3,423.0,Small Business,UPI
ORD0708,2026-12-09,West,Furniture,Phone,4320.04,4,0.06,452.44,Corporate,UPI
ORD0709,2026-12-10,West,Clothing,Monitor,1602.65,9,0.18,397.75,Corporate,Cash
ORD0710,2026-12-11,West,Furniture,Desk,4571.7,3,0.12,834.8,Small Business,Credit Card
ORD0711,2026-12-12,East,Technology,Phone,3819.02,8,0.04,611.77,Small Business,Cash
ORD0712,2026-12-13,South,Technology,Headphones,4063.55,1,0.01,1126.91,Consumer,Debit Card
ORD0713,2026-12-14,North,Technology,Phone,286.43,9,0.19,226.16,Corporate,Credit Card
ORD0714,2026-12-15,West,Technology,Desk,4821.49,9,0.24,30.73,Corporate,UPI
ORD0715,2026-12-16,West,Furniture,Notebook,3688.02,2,0.25,411.24,Consumer,Credit Card
ORD0716,2026-12-17,West,Clothing,Headphones,1662.81,4,0.14,701.73,Small Business,UPI
ORD0717,2026-12-18,East,Clothing,Phone,4181.09,8,0.23,1019.04,Consumer,Cash
ORD0718,2026-12-19,West,Office Supplies,Chair,1551.3,7,0.2,350.06,Small Business,Cash
ORD0719,2026-12-20,West,Furniture,Chair,4389.22,1,0.22,749.92,Consumer,UPI
ORD0720,2026-12-21,West,Technology,Phone,740.39,5,0.15,355.26,Small Business,UPI
ORD0721,2026-12-22,South,Furniture,Notebook,3577.69,7,0.19,702.39,Consumer,Debit Card
ORD0722,2026-12-23,East,Office Supplies,Printer,2795.35,4,0.24,1050.25,Small Business,Cash
ORD0723,2026-12-24,West,Office Supplies,Desk,663.37,1,0.12,200.76,Small Business,Cash
ORD0724,2026-12-25,North,Furniture,Chair,1361.09,9,0.24,425.51,Small Business,Debit Card
ORD0725,2026-12-26,North,Furniture,Printer,259.54,5,0.18,1191.24,Small Business,Cash
ORD0726,2026-12-27,North,Furniture,Phone,2450.09,2,0.05,1029.12,Small Business,UPI
ORD0727,2026-12-28,East,Clothing,Monitor,1646.07,8,0.01,634.03,Corporate,Credit Card
ORD0728,2026-12-29,East,Technology,Printer,3072.12,2,0.11,571.62,Small Business,Credit Card
ORD0729,2026-12-30,North,Furniture,Headphones,1626.74,3,0.16,269.98,Corporate,Cash
ORD0730,2026-12-31,West,Furniture,Laptop,1639.61,1,0.25,572.37,Small Business,Debit Card
ORD0731,2027-01-01,East,Furniture,Chair,3767.33,2,0.04,1002.64,Corporate,UPI
ORD0732,2027-01-02,North,Office Supplies,Phone,431.09,7,0.24,790.73,Corporate,Credit Card
ORD0733,2027-01-03,North,Office Supplies,Monitor,4533.9,2,0.26,277.06,Consumer,UPI
ORD0734,2027-01-04,West,Clothing,Desk,4290.87,6,0.05,161.9,Small Business,Cash
ORD0735,2027-01-05,South,Technology,Monitor,3405.46,3,0.26,244.77,Consumer,Cash
ORD0736,2027-01-06,East,Clothing,Notebook,3047.46,4,0.3,120.69,Consumer,Credit Card
ORD0737,2027-01-07,West,Technology,Headphones,4483.05,8,0.22,24.33,Small Business,Cash
ORD0738,2027-01-08,North,Office Supplies,Phone,1089.58,3,0.24,444.88,Consumer,Debit Card
ORD0739,2027-01-09,North,Office Supplies,Desk,579.05,6,0.3,47.29,Small Business,Cash
ORD0740,2027-01-10,West,Office Supplies,Notebook,1349.65,1,0.18,123.49,Consumer,Cash
ORD0741,2027-01-11,East,Clothing,Notebook,4013.98,7,0.09,611.52,Small Business,Cash
ORD0742,2027-01-12,South,Furniture,Phone,366.42,8,0.25,113.98,Small Business,UPI
ORD0743,2027-01-13,South,Furniture,Headphones,2997.47,8,0.18,-16.96,Small Business,UPI
ORD0744,2027-01-14,North,Office Supplies,Printer,4978.1,3,0.17,312.61,Corporate,Credit Card
ORD0745,2027-01-15,East,Furniture,Printer,4307.34,1,0.08,186.41,Consumer,Credit Card
ORD0746,2027-01-16,South,Furniture,Notebook,2702.94,9,0.23,569.9,Corporate,Credit Card
ORD0747,2027-01-17,East,Clothing,Printer,505.48,6,0.02,33.08,Consumer,Cash
ORD0748,2027-01-18,East,Technology,Laptop,4190.59,9,0.28,877.3,Consumer,UPI
ORD0749,2027-01-19,North,Office Supplies,Notebook,3075.1,7,0.1,1078.1,Consumer,Debit Card
ORD0750,2027-01-20,South,Office Supplies,Notebook,751.68,1,0.04,866.47,Corporate,Cash
ORD0751,2027-01-21,West,Clothing,Desk,650.51,1,0.13,592.68,Consumer,Cash
ORD0752,2027-01-22,North,Clothing,Printer,4566.21,6,0.01,1018.87,Corporate,Cash
ORD0753,2027-01-23,South,Furniture,Headphones,3412.16,5,0.21,803.39,Small Business,Debit Card
ORD0754,2027-01-24,South,Office Supplies,Notebook,4180.58,9,0.27,-86.28,Consumer,Credit Card
ORD0755,2027-01-25,South,Technology,Monitor,4419.1,2,0.25,412.32,Consumer,Debit Card
ORD0756,2027-01-26,South,Clothing,Headphones,2944.51,8,0.04,1006.24,Small Business,Credit Card
ORD0757,2027-01-27,South,Technology,Laptop,2683.74,5,0.04,349.62,Small Business,Debit Card
ORD0758,2027-01-28,East,Technology,Desk,2266.05,2,0.24,-54.22,Consumer,UPI
ORD0759,2027-01-29,North,Office Supplies,Phone,1721.34,6,0.28,870.03,Small Business,Cash
ORD0760,2027-01-30,East,Office Supplies,Headphones,2286.06,8,0.14,942.65,Corporate,Cash
ORD0761,2027-01-31,West,Clothing,Notebook,3914.62,4,0.15,108.77,Corporate,Cash
ORD0762,2027-02-01,South,Office Supplies,Laptop,3089.23,2,0.1,598.54,Consumer,Credit Card
ORD0763,2027-02-02,North,Office Supplies,Chair,4484.11,5,0.27,149.54,Corporate,Debit Card
ORD0764,2027-02-03,South,Office Supplies,Laptop,2328.22,2,0.19,835.0,Corporate,UPI
ORD0765,2027-02-04,North,Technology,Laptop,3114.03,2,0.09,253.02,Consumer,Debit Card
ORD0766,2027-02-05,East,Clothing,Desk,3230.28,6,0.09,311.08,Small Business,Cash
ORD0767,2027-02-06,North,Furniture,Phone,3040.15,9,0.27,998.46,Consumer,UPI
ORD0768,2027-02-07,West,Technology,Chair,3572.64,4,0.0,519.22,Corporate,UPI
ORD0769,2027-02-08,West,Office Supplies,Printer,1339.68,6,0.1,770.68,Consumer,Cash
ORD0770,2027-02-09,North,Technology,Printer,2659.35,7,0.17,423.08,Consumer,Debit Card
ORD0771,2027-02-10,North,Office Supplies,Headphones,700.28,6,0.04,287.41,Corporate,Cash
ORD0772,2027-02-11,North,Office Supplies,Laptop,2045.65,8,0.03,713.12,Corporate,Debit Card
ORD0773,2027-02-12,North,Technology,Monitor,2540.8,4,0.24,101.31,Consumer,UPI
ORD0774,2027-02-13,West,Clothing,Desk,3330.68,1,0.27,384.9,Corporate,UPI
ORD0775,2027-02-14,South,Office Supplies,Monitor,4762.55,7,0.25,171.75,Corporate,Cash
ORD0776,2027-02-15,North,Clothing,Desk,3083.13,3,0.27,804.53,Corporate,UPI
ORD0777,2027-02-16,North,Furniture,Printer,3769.25,6,0.17,1127.47,Corporate,Credit Card
ORD0778,2027-02-17,West,Office Supplies,Headphones,2630.08,2,0.24,1194.16,Corporate,UPI
ORD0779,2027-02-18,West,Clothing,Headphones,3243.7,9,0.12,485.36,Corporate,Credit Card
ORD0780,2027-02-19,East,Clothing,Headphones,540.47,1,0.2,228.29,Small Business,UPI
ORD0781,2027-02-20,North,Furniture,Chair,1421.08,6,0.3,475.68,Consumer,Cash
ORD0782,2027-02-21,East,Clothing,Phone,1936.89,6,0.07,1001.45,Corporate,Cash
ORD0783,2027-02-22,West,Clothing,Chair,2467.97,5,0.12,167.81,Consumer,Credit Card
ORD0784,2027-02-23,West,Furniture,Notebook,419.11,5,0.14,1137.72,Small Business,Cash
ORD0785,2027-02-24,South,Office Supplies,Notebook,872.12,1,0.04,344.43,Corporate,UPI
ORD0786,2027-02-25,North,Clothing,Monitor,1528.71,5,0.02,1181.54,Consumer,UPI
ORD0787,2027-02-26,East,Clothing,Phone,4863.36,2,0.25,990.19,Corporate,Cash
ORD0788,2027-02-27,West,Clothing,Printer,1790.47,7,0.29,951.14,Corporate,UPI
ORD0789,2027-02-28,West,Technology,Phone,2513.8,3,0.12,313.28,Corporate,Debit Card
ORD0790,2027-03-01,East,Furniture,Desk,1141.27,4,0.03,-88.59,Corporate,Debit Card
ORD0791,2027-03-02,South,Technology,Notebook,3131.74,3,0.02,396.77,Corporate,UPI
ORD0792,2027-03-03,West,Furniture,Laptop,1547.28,3,0.27,292.35,Corporate,Cash
ORD0793,2027-03-04,North,Office Supplies,Laptop,1193.56,4,0.14,-51.38,Corporate,Credit Card
ORD0794,2027-03-05,West,Office Supplies,Printer,2679.55,5,0.1,556.97,Small Business,Cash
ORD0795,2027-03-06,North,Clothing,Desk,226.43,1,0.14,423.94,Small Business,Credit Card
ORD0796,2027-03-07,East,Furniture,Monitor,236.79,4,0.1,724.92,Corporate,Cash
ORD0797,2027-03-08,North,Office Supplies,Chair,1251.53,8,0.15,707.54,Corporate,UPI
ORD0798,2027-03-09,East,Furniture,Desk,376.26,7,0.26,56.97,Small Business,Debit Card
ORD0799,2027-03-10,North,Office Supplies,Laptop,718.52,9,0.18,1170.06,Small Business,Cash
ORD0800,2027-03-11,East,Technology,Laptop,1826.53,5,0.21,143.01,Small Business,Credit Card
ORD0801,2027-03-12,North,Office Supplies,Monitor,4052.41,4,0.11,478.86,Corporate,Debit Card
ORD0802,2027-03-13,South,Technology,Notebook,2945.83,8,0.22,534.55,Consumer,Credit Card
ORD0803,2027-03-14,North,Office Supplies,Desk,2660.81,9,0.2,956.98,Consumer,UPI
ORD0804,2027-03-15,North,Clothing,Desk,1608.75,7,0.04,29.0,Consumer,Debit Card
ORD0805,2027-03-16,South,Technology,Laptop,4672.42,7,0.17,457.24,Consumer,Credit Card
ORD0806,2027-03-17,West,Office Supplies,Chair,2105.67,5,0.08,717.05,Corporate,Cash
ORD0807,2027-03-18,West,Clothing,Printer,618.05,4,0.24,179.7,Consumer,UPI
ORD0808,2027-03-19,North,Technology,Headphones,3161.92,1,0.13,715.71,Small Business,UPI
ORD0809,2027-03-20,South,Clothing,Printer,746.42,7,0.3,1100.76,Small Business,UPI
ORD0810,2027-03-21,North,Furniture,Desk,1857.07,1,0.03,1196.77,Consumer,Cash
ORD0811,2027-03-22,East,Furniture,Printer,2635.58,1,0.23,-57.81,Small Business,Cash
ORD0812,2027-03-23,East,Technology,Laptop,4396.27,5,0.2,206.26,Corporate,Debit Card
ORD0813,2027-03-24,North,Office Supplies,Laptop,2569.02,9,0.23,303.4,Consumer,Cash
ORD0814,2027-03-25,West,Technology,Monitor,3570.84,6,0.09,418.86,Consumer,Debit Card
ORD0815,2027-03-26,West,Clothing,Desk,4965.52,3,0.15,214.93,Corporate,UPI
ORD0816,2027-03-27,North,Office Supplies,Monitor,831.15,3,0.24,164.53,Small Business,Debit Card
ORD0817,2027-03-28,North,Furniture,Desk,1518.71,7,0.07,1140.92,Corporate,Credit Card
ORD0818,2027-03-29,East,Office Supplies,Headphones,2093.97,6,0.07,1094.08,Corporate,UPI
ORD0819,2027-03-30,West,Furniture,Headphones,2224.78,9,0.17,-38.91,Small Business,UPI
ORD0820,2027-03-31,North,Office Supplies,Notebook,2172.9,6,0.16,340.46,Corporate,Debit Card
ORD0821,2027-04-01,East,Office Supplies,Desk,4556.53,5,0.08,426.69,Small Business,UPI
ORD0822,2027-04-02,West,Office Supplies,Chair,3627.36,7,0.09,210.72,Small Business,Cash
ORD0823,2027-04-03,South,Clothing,Printer,3117.95,1,0.08,717.53,Corporate,Credit Card
ORD0824,2027-04-04,East,Clothing,Desk,1684.99,7,0.23,732.49,Small Business,Debit Card
ORD0825,2027-04-05,West,Technology,Phone,4154.19,3,0.2,1005.66,Corporate,Debit Card
ORD0826,2027-04-06,West,Technology,Notebook,4784.29,9,0.25,863.13,Small Business,UPI
ORD0827,2027-04-07,East,Furniture,Phone,4141.75,6,0.29,605.35,Consumer,Cash
ORD0828,2027-04-08,South,Clothing,Laptop,207.51,9,0.14,749.66,Small Business,UPI
ORD0829,2027-04-09,East,Furniture,Headphones,3254.73,5,0.02,256.19,Small Business,UPI
ORD0830,2027-04-10,West,Technology,Printer,445.45,7,0.01,670.97,Corporate,Debit Card
ORD0831,2027-04-11,North,Furniture,Desk,1436.51,4,0.09,536.0,Small Business,UPI
ORD0832,2027-04-12,North,Technology,Phone,485.72,7,0.28,73.35,Consumer,Credit Card
ORD0833,2027-04-13,East,Clothing,Printer,3098.22,1,0.16,215.31,Consumer,UPI
ORD0834,2027-04-14,West,Office Supplies,Laptop,3495.63,7,0.08,279.2,Small Business,UPI
ORD0835,2027-04-15,North,Clothing,Headphones,749.54,8,0.12,1101.6,Small Business,Debit Card
ORD0836,2027-04-16,West,Furniture,Chair,2042.43,5,0.18,199.5,Consumer,UPI
ORD0837,2027-04-17,East,Furniture,Notebook,2389.94,2,0.2,276.02,Corporate,Cash
ORD0838,2027-04-18,North,Clothing,Printer,1971.45,5,0.05,380.16,Consumer,Debit Card
ORD0839,2027-04-19,West,Clothing,Printer,780.92,6,0.29,762.87,Consumer,UPI
ORD0840,2027-04-20,North,Technology,Chair,2210.95,2,0.16,53.71,Small Business,Credit Card
ORD0841,2027-04-21,East,Furniture,Printer,3805.65,6,0.04,1140.13,Small Business,Credit Card
ORD0842,2027-04-22,West,Furniture,Laptop,540.84,6,0.27,1025.24,Consumer,Debit Card
ORD0843,2027-04-23,North,Clothing,Laptop,584.86,1,0.02,650.38,Corporate,Debit Card
ORD0844,2027-04-24,East,Office Supplies,Chair,1902.9,1,0.27,776.25,Consumer,UPI
ORD0845,2027-04-25,North,Furniture,Notebook,4720.28,3,0.3,-78.34,Consumer,Cash
ORD0846,2027-04-26,North,Office Supplies,Desk,3409.15,3,0.21,340.63,Corporate,UPI
ORD0847,2027-04-27,South,Clothing,Phone,3457.62,4,0.23,934.36,Consumer,Credit Card
ORD0848,2027-04-28,South,Clothing,Desk,1937.22,2,0.1,0.73,Consumer,Cash
ORD0849,2027-04-29,East,Technology,Printer,3049.57,9,0.28,267.01,Small Business,Cash
ORD0850,2027-04-30,South,Furniture,Phone,248.63,7,0.16,660.89,Corporate,Cash
ORD0851,2027-05-01,East,Office Supplies,Monitor,3253.26,7,0.22,233.34,Small Business,UPI
ORD0852,2027-05-02,South,Technology,Chair,4583.78,6,0.28,1114.17,Small Business,Credit Card
ORD0853,2027-05-03,North,Furniture,Chair,3140.35,3,0.29,70.38,Corporate,Debit Card
ORD0854,2027-05-04,East,Technology,Notebook,4393.75,6,0.25,936.61,Corporate,UPI
ORD0855,2027-05-05,East,Clothing,Phone,3675.07,8,0.09,560.33,Consumer,Debit Card
ORD0856,2027-05-06,North,Furniture,Laptop,778.68,8,0.29,875.43,Small Business,Cash
ORD0857,2027-05-07,East,Technology,Phone,4531.78,9,0.19,303.93,Corporate,Cash
ORD0858,2027-05-08,East,Technology,Printer,518.93,1,0.28,568.84,Small Business,UPI
ORD0859,2027-05-09,South,Office Supplies,Laptop,2763.04,1,0.2,1013.89,Small Business,Credit Card
ORD0860,2027-05-10,East,Technology,Headphones,882.26,3,0.09,506.94,Corporate,Cash
ORD0861,2027-05-11,West,Furniture,Headphones,256.19,3,0.11,367.64,Consumer,Debit Card
ORD0862,2027-05-12,North,Furniture,Monitor,2225.76,8,0.17,597.0,Small Business,Debit Card
ORD0863,2027-05-13,South,Office Supplies,Headphones,1616.2,1,0.24,832.57,Corporate,UPI
ORD0864,2027-05-14,South,Furniture,Chair,2532.8,2,0.1,476.63,Consumer,Debit Card
ORD0865,2027-05-15,West,Clothing,Phone,2970.56,2,0.17,1120.54,Small Business,Credit Card
ORD0866,2027-05-16,North,Furniture,Headphones,409.95,3,0.1,283.43,Corporate,Cash
ORD0867,2027-05-17,North,Furniture,Desk,790.42,6,0.24,518.1,Small Business,Debit Card
ORD0868,2027-05-18,South,Technology,Notebook,2881.48,1,0.14,884.01,Corporate,Debit Card
ORD0869,2027-05-19,East,Technology,Desk,1847.2,2,0.02,795.86,Corporate,Cash
ORD0870,2027-05-20,South,Furniture,Headphones,3700.03,1,0.05,1022.73,Small Business,UPI
ORD0871,2027-05-21,North,Office Supplies,Monitor,3331.0,5,0.02,1195.85,Small Business,Debit Card
ORD0872,2027-05-22,West,Technology,Notebook,4258.9,7,0.15,454.92,Corporate,UPI
ORD0873,2027-05-23,South,Office Supplies,Printer,3523.97,8,0.03,44.5,Consumer,UPI
ORD0874,2027-05-24,North,Furniture,Desk,2263.67,1,0.03,-60.46,Small Business,Debit Card
ORD0875,2027-05-25,South,Furniture,Monitor,3430.24,7,0.28,844.94,Corporate,Credit Card
ORD0876,2027-05-26,East,Clothing,Phone,1521.83,5,0.26,1036.22,Corporate,UPI
ORD0877,2027-05-27,South,Technology,Phone,1670.3,1,0.14,186.93,Consumer,Debit Card
ORD0878,2027-05-28,South,Furniture,Desk,3987.13,3,0.3,105.98,Consumer,UPI
ORD0879,2027-05-29,North,Clothing,Headphones,2342.81,7,0.0,-19.13,Consumer,Cash
ORD0880,2027-05-30,North,Technology,Monitor,4032.23,1,0.18,969.51,Small Business,Credit Card
ORD0881,2027-05-31,North,Furniture,Phone,4147.63,7,0.18,304.8,Corporate,Credit Card
ORD0882,2027-06-01,South,Furniture,Printer,4316.3,5,0.14,422.21,Corporate,Cash
ORD0883,2027-06-02,East,Technology,Laptop,4599.85,1,0.12,553.58,Corporate,Cash
ORD0884,2027-06-03,West,Technology,Headphones,2268.73,1,0.14,991.29,Consumer,UPI
ORD0885,2027-06-04,West,Technology,Monitor,1730.56,1,0.12,746.08,Corporate,Cash
ORD0886,2027-06-05,North,Furniture,Printer,2994.55,9,0.22,699.58,Small Business,Credit Card
ORD0887,2027-06-06,North,Furniture,Monitor,1981.63,3,0.04,128.37,Consumer,Cash
ORD0888,2027-06-07,South,Clothing,Notebook,3085.16,5,0.06,567.15,Consumer,Debit Card
ORD0889,2027-06-08,West,Office Supplies,Printer,3586.81,9,0.05,830.0,Consumer,Debit Card
ORD0890,2027-06-09,North,Technology,Headphones,3504.34,6,0.08,1165.24,Consumer,UPI
ORD0891,2027-06-10,East,Furniture,Notebook,1997.85,9,0.16,161.83,Small Business,Credit Card
ORD0892,2027-06-11,East,Furniture,Headphones,1000.93,8,0.03,-87.59,Corporate,Debit Card
ORD0893,2027-06-12,North,Technology,Phone,2266.54,8,0.26,-2.11,Small Business,Cash
ORD0894,2027-06-13,North,Office Supplies,Laptop,884.45,1,0.09,388.61,Corporate,Debit Card
ORD0895,2027-06-14,West,Technology,Headphones,4472.47,9,0.05,966.71,Small Business,Debit Card
ORD0896,2027-06-15,West,Office Supplies,Headphones,1860.21,6,0.2,-90.72,Consumer,UPI
ORD0897,2027-06-16,South,Furniture,Phone,941.41,9,0.01,493.75,Consumer,Cash
ORD0898,2027-06-17,West,Office Supplies,Chair,322.15,3,0.19,328.0,Small Business,Cash
ORD0899,2027-06-18,East,Clothing,Phone,3299.95,3,0.21,-31.77,Small Business,Cash
ORD0900,2027-06-19,East,Furniture,Notebook,3257.13,6,0.06,485.31,Corporate,UPI
ORD0901,2027-06-20,North,Clothing,Phone,1834.9,9,0.01,231.17,Small Business,Cash
ORD0902,2027-06-21,West,Technology,Phone,544.22,7,0.11,357.45,Small Business,Cash
ORD0903,2027-06-22,South,Technology,Laptop,2166.22,3,0.03,817.3,Corporate,Debit Card
ORD0904,2027-06-23,East,Technology,Phone,1693.84,3,0.03,578.02,Corporate,Debit Card
ORD0905,2027-06-24,East,Office Supplies,Monitor,3450.18,2,0.08,62.04,Corporate,Cash
ORD0906,2027-06-25,South,Furniture,Headphones,3107.74,9,0.09,1149.84,Small Business,Credit Card
ORD0907,2027-06-26,South,Technology,Monitor,1950.05,3,0.16,726.68,Corporate,Credit Card
ORD0908,2027-06-27,East,Technology,Laptop,1245.88,5,0.2,895.63,Consumer,Cash
ORD0909,2027-06-28,East,Furniture,Desk,4942.57,9,0.18,2.98,Consumer,Credit Card
ORD0910,2027-06-29,South,Technology,Chair,2379.21,8,0.04,-38.82,Consumer,UPI
ORD0911,2027-06-30,East,Clothing,Monitor,3503.72,2,0.05,-74.72,Small Business,Debit Card
ORD0912,2027-07-01,North,Furniture,Laptop,874.65,3,0.26,145.43,Consumer,UPI
ORD0913,2027-07-02,North,Furniture,Notebook,2530.83,2,0.17,438.73,Small Business,Debit Card
ORD0914,2027-07-03,South,Furniture,Desk,332.18,8,0.26,1116.57,Small Business,Credit Card
ORD0915,2027-07-04,West,Clothing,Laptop,2626.18,6,0.11,494.18,Consumer,Credit Card
ORD0916,2027-07-05,South,Furniture,Laptop,4827.28,6,0.18,277.33,Corporate,Cash
ORD0917,2027-07-06,South,Clothing,Chair,2044.19,9,0.16,630.52,Small Business,Credit Card
ORD0918,2027-07-07,West,Furniture,Headphones,387.18,8,0.1,45.51,Consumer,Credit Card
ORD0919,2027-07-08,West,Office Supplies,Monitor,348.59,4,0.14,692.36,Small Business,Cash
ORD0920,2027-07-09,West,Technology,Notebook,2062.34,4,0.15,638.96,Corporate,Cash
ORD0921,2027-07-10,North,Office Supplies,Printer,968.12,9,0.06,929.59,Corporate,Debit Card
ORD0922,2027-07-11,East,Technology,Monitor,312.09,1,0.09,1182.69,Consumer,Credit Card
ORD0923,2027-07-12,North,Clothing,Printer,3829.83,2,0.24,226.14,Small Business,Debit Card
ORD0924,2027-07-13,East,Office Supplies,Laptop,2400.91,2,0.27,562.55,Small Business,Debit Card
ORD0925,2027-07-14,North,Furniture,Phone,1588.37,6,0.11,1081.53,Small Business,UPI
ORD0926,2027-07-15,East,Technology,Notebook,4520.4,4,0.09,920.75,Small Business,Credit Card
ORD0927,2027-07-16,North,Technology,Desk,757.47,3,0.06,533.63,Consumer,Credit Card
ORD0928,2027-07-17,West,Office Supplies,Phone,4788.41,3,0.2,1128.98,Corporate,UPI
ORD0929,2027-07-18,South,Clothing,Phone,1707.04,3,0.1,-25.59,Consumer,Debit Card
ORD0930,2027-07-19,North,Office Supplies,Monitor,4464.34,6,0.3,1110.3,Small Business,Credit Card
ORD0931,2027-07-20,East,Clothing,Notebook,3094.13,8,0.1,-34.34,Small Business,Debit Card
ORD0932,2027-07-21,West,Clothing,Headphones,4168.2,7,0.12,611.5,Corporate,UPI
ORD0933,2027-07-22,North,Technology,Laptop,4923.26,4,0.18,1057.57,Small Business,Cash
ORD0934,2027-07-23,North,Office Supplies,Laptop,1584.35,4,0.24,241.54,Consumer,Debit Card
ORD0935,2027-07-24,West,Office Supplies,Laptop,4813.45,2,0.14,513.92,Consumer,Credit Card
ORD0936,2027-07-25,North,Clothing,Laptop,2069.51,1,0.13,321.63,Corporate,Cash
ORD0937,2027-07-26,South,Office Supplies,Monitor,2050.46,9,0.3,1137.79,Consumer,Debit Card
ORD0938,2027-07-27,North,Furniture,Printer,1833.86,2,0.0,970.74,Consumer,Debit Card
ORD0939,2027-07-28,South,Furniture,Laptop,2798.76,8,0.27,821.7,Consumer,Cash
ORD0940,2027-07-29,South,Office Supplies,Printer,939.9,9,0.04,663.92,Consumer,Cash
ORD0941,2027-07-30,West,Office Supplies,Printer,2857.82,4,0.24,966.77,Small Business,Cash
ORD0942,2027-07-31,North,Clothing,Headphones,2800.18,8,0.19,409.95,Consumer,Credit Card
ORD0943,2027-08-01,West,Furniture,Laptop,3857.13,9,0.1,481.82,Corporate,Credit Card
ORD0944,2027-08-02,North,Furniture,Chair,4201.52,5,0.26,849.0,Corporate,Debit Card
ORD0945,2027-08-03,North,Technology,Desk,2314.12,7,0.0,365.08,Consumer,Debit Card
ORD0946,2027-08-04,East,Clothing,Phone,1651.2,4,0.07,-16.93,Corporate,UPI
ORD0947,2027-08-05,North,Technology,Printer,1444.81,1,0.17,-3.37,Consumer,Credit Card
ORD0948,2027-08-06,West,Furniture,Notebook,1134.19,3,0.11,49.97,Corporate,Debit Card
ORD0949,2027-08-07,South,Clothing,Notebook,476.71,5,0.18,1030.59,Corporate,Cash
ORD0950,2027-08-08,North,Office Supplies,Desk,1843.75,3,0.01,513.89,Consumer,Cash
ORD0951,2027-08-09,East,Clothing,Notebook,1497.19,7,0.03,826.75,Consumer,Credit Card
ORD0952,2027-08-10,West,Office Supplies,Chair,4838.8,9,0.04,410.78,Small Business,Cash
ORD0953,2027-08-11,North,Office Supplies,Notebook,2877.0,6,0.06,236.32,Consumer,UPI
ORD0954,2027-08-12,West,Clothing,Phone,1866.93,1,0.14,351.35,Consumer,Debit Card
ORD0955,2027-08-13,East,Office Supplies,Phone,2986.24,7,0.23,932.44,Small Business,Debit Card
ORD0956,2027-08-14,East,Technology,Printer,868.14,3,0.27,712.78,Consumer,Debit Card
ORD0957,2027-08-15,West,Furniture,Laptop,2331.41,5,0.25,1118.93,Consumer,Credit Card
ORD0958,2027-08-16,North,Office Supplies,Headphones,3205.92,4,0.06,783.62,Small Business,Cash
ORD0959,2027-08-17,South,Technology,Chair,2546.71,5,0.13,641.24,Consumer,UPI
ORD0960,2027-08-18,East,Office Supplies,Printer,2128.54,5,0.06,693.25,Consumer,Credit Card
ORD0961,2027-08-19,North,Furniture,Chair,4970.47,6,0.08,1125.08,Small Business,Debit Card
ORD0962,2027-08-20,North,Technology,Laptop,4425.51,6,0.15,924.66,Small Business,UPI
ORD0963,2027-08-21,South,Furniture,Monitor,3192.35,8,0.02,-68.75,Corporate,Debit Card
ORD0964,2027-08-22,East,Furniture,Notebook,2933.01,8,0.07,594.38,Consumer,Debit Card
ORD0965,2027-08-23,East,Technology,Notebook,3179.17,9,0.28,794.84,Corporate,Credit Card
ORD0966,2027-08-24,North,Technology,Headphones,1166.3,8,0.14,873.31,Corporate,Debit Card
ORD0967,2027-08-25,North,Technology,Laptop,2096.66,2,0.13,177.08,Small Business,UPI
ORD0968,2027-08-26,South,Clothing,Printer,389.41,1,0.0,1027.33,Consumer,Debit Card
ORD0969,2027-08-27,South,Technology,Headphones,2482.62,2,0.07,1142.6,Consumer,Cash
ORD0970,2027-08-28,East,Technology,Laptop,2806.52,2,0.26,207.73,Small Business,Debit Card
ORD0971,2027-08-29,West,Technology,Desk,1293.2,3,0.05,1047.4,Corporate,Credit Card
ORD0972,2027-08-30,East,Technology,Phone,4827.34,7,0.12,26.07,Small Business,UPI
ORD0973,2027-08-31,North,Office Supplies,Headphones,4565.38,2,0.0,-27.58,Consumer,Credit Card
ORD0974,2027-09-01,East,Clothing,Headphones,3666.29,1,0.14,67.99,Small Business,Cash
ORD0975,2027-09-02,West,Furniture,Printer,2760.26,6,0.01,-24.94,Consumer,Debit Card
ORD0976,2027-09-03,South,Technology,Chair,4375.85,9,0.25,998.52,Corporate,Credit Card
ORD0977,2027-09-04,West,Office Supplies,Desk,827.13,3,0.25,-23.23,Consumer,Credit Card
ORD0978,2027-09-05,West,Office Supplies,Printer,3994.45,6,0.24,253.16,Corporate,Credit Card
ORD0979,2027-09-06,West,Office Supplies,Laptop,799.14,3,0.09,34.88,Corporate,Credit Card
ORD0980,2027-09-07,South,Furniture,Laptop,4012.21,1,0.25,284.05,Consumer,Cash
ORD0981,2027-09-08,West,Technology,Laptop,1523.68,5,0.16,17.73,Consumer,Cash
ORD0982,2027-09-09,West,Clothing,Monitor,4410.03,4,0.11,768.4,Corporate,Debit Card
ORD0983,2027-09-10,West,Clothing,Laptop,4731.4,7,0.19,73.32,Small Business,Debit Card
ORD0984,2027-09-11,North,Office Supplies,Chair,914.22,6,0.0,1007.4,Consumer,UPI
ORD0985,2027-09-12,West,Furniture,Desk,2420.84,7,0.04,962.35,Corporate,Cash
ORD0986,2027-09-13,South,Furniture,Notebook,4908.74,5,0.22,-82.24,Corporate,Credit Card
ORD0987,2027-09-14,West,Furniture,Phone,2520.36,4,0.07,1064.44,Small Business,Credit Card
ORD0988,2027-09-15,West,Clothing,Chair,4345.03,7,0.18,-62.37,Consumer,UPI
ORD0989,2027-09-16,South,Office Supplies,Chair,3025.91,7,0.12,211.54,Corporate,Credit Card
ORD0990,2027-09-17,West,Technology,Monitor,2001.58,6,0.26,-57.89,Small Business,UPI
ORD0991,2027-09-18,South,Clothing,Notebook,1571.76,8,0.29,336.6,Corporate,Debit Card
ORD0992,2027-09-19,West,Office Supplies,Notebook,1175.47,4,0.27,568.03,Consumer,Cash
ORD0993,2027-09-20,South,Office Supplies,Phone,3856.63,5,0.08,935.64,Small Business,UPI
ORD0994,2027-09-21,West,Technology,Phone,2055.39,4,0.06,339.38,Corporate,Credit Card
ORD0995,2027-09-22,West,Technology,Notebook,2654.12,1,0.14,817.14,Small Business,UPI
ORD0996,2027-09-23,North,Technology,Laptop,2563.16,8,0.0,143.76,Consumer,Debit Card
ORD0997,2027-09-24,North,Furniture,Chair,2970.94,1,0.01,875.78,Small Business,Credit Card
ORD0998,2027-09-25,West,Technology,Printer,4354.77,5,0.17,206.8,Consumer,Debit Card
ORD0999,2027-09-26,West,Office Supplies,Phone,4907.55,6,0.16,86.61,Corporate,Debit Card
ORD1000,2027-09-27,East,Technology,Monitor,2156.4,6,0.3,141.03,Consumer,UPI
